מקור   ,סיווג          ,תאריך רכישה ,פעולה                   ,סכום חיוב      ,הערות I                                     ,הערות II          ,הערות III
  7524 ,ביטוח          ,24/08/2023  ,כלל רכב/דירה/עסק        ,811.00         ,                                            ,                  ,
  7524 ,ביטוח          ,24/08/2023  ,כלל רכב/דירה/עסק        ,811.00         ,תשלום 7  מתוך 10                            ,                  ,
  7524 ,ביטוח          ,24/08/2023  ,כלל רכב/דירה/עסק        ,811.00         ,                                            ,                  ,
  7524 ,ביטוח          ,24/08/2023  ,כלל רכב/דירה/עסק        ,811            ,תשלום 9  מתוך 10                            ,                  ,
  7524 ,ביטוח          ,24/08/2023  ,כלל רכב/דירה/עסק        ,811            ,תשלום 10 מתוך 10                            ,                  ,
  7524 ,שונות          ,29/10/2023  ,KSP אקספרס-גמא          ,155.00         ,                                            ,                  ,
  7524 ,קניות בית      ,29/10/2023  ,KSP אקספרס-גמא          ,155.00         ,                                            ,                  ,
  7524 ,תוכנה וחומרה   ,29/10/2023  ,KSP אקספרס-גמא          ,155.00         ,תשלום 5  מתוך 24                            ,                  ,
  7524 ,תוכנה וחומרה   ,29/10/2023  ,KSP אקספרס-גמא          ,155            ,תשלום 7  מתוך 24                            ,                  ,
  7524 ,תוכנה וחומרה   ,29/10/2023  ,KSP אקספרס-גמא          ,155            ,תשלום 8  מתוך 24                            ,                  ,
  2347 ,בריאות         ,07/11/2023  ,סיגלית פז דיאטנית קל    ,650.00         ,                                            ,                  ,
  2347 ,בריאות         ,07/11/2023  ,סיגלית פז דיאטנית קל    ,(200.00)       ,                                            ,                  ,
  2347 ,בריאות         ,01/01/2024  ,"אייביתרפיה בע""מ"      ,320.00         ,                                            ,                  ,
  7524 ,קניות בית      ,01/01/2024  ,אליהו דגים              ,222.00         ,                                            ,                  ,
  7524 ,קניות בית      ,01/01/2024  ,סיטי מרקט עין גנים ב    ,21.80          ,                                            ,                  ,
  7524 ,ביטוח          ,02/01/2024  ,קרן מכבי- חיוב          ,617.96         ,                                            ,                  ,
  7524 ,בזבוזים        ,02/01/2024  ,WOLT                    ,104.00         ,                                            ,                  ,
  7524 ,שונות          ,02/01/2024  ,"העברה ב BIT בנה""פ"    ,60.00          ,                                            ,                  ,
  7524 ,קניות בית      ,02/01/2024  ,שוק קט כפר סירקין       ,48.00          ,                                            ,                  ,
  7524 ,תוכנה וחומרה   ,02/01/2024  ,NOTION LABS  INC        ,36.00          ,                                            ,                  ,
667127 ,לא לסכימה      ,02/01/2024  ,ישראכרט                 ," 18,996.57 "  ,                                            ,                  ,
667127 ,לא לסכימה      ,02/01/2024  ,ישראכרט                 ," 8,328.04 "   ,                                            ,                  ,
667127 ,חשבונות        ,02/01/2024  ,קוורטט ניהול ע          ," 4,504.50 "   ,                                            ,                  ,
667127 ,לא לסכימה      ,02/01/2024  ,מטח-קניה                ,290.69         ,                                            ,                  ,
667127 ,עמלות          ,02/01/2024  ,אמריקן אקספרס           ,11.14          ,                                            ,                  ,
667127 ,עמלות          ,02/01/2024  ,אמריקן אקספרס           ,11.14          ,                                            ,                  ,
  7524 ,בריאות         ,03/01/2024  ,אופטיגד - עמיר גד       ,700.00         ,                                            ,                  ,
  7524 ,ביטוח          ,03/01/2024  ,הראל ביטוח חיים         ,347.66         ,                                            ,                  ,
  7524 ,קניות בית      ,03/01/2024  ,אייס סגולה-צמרת         ,26.00          ,                                            ,                  ,
  7524 ,קניות בית      ,03/01/2024  ,היפר רוזנפלד            ,12.90          ,                                            ,                  ,
667127 ,עמלות          ,03/01/2024  ,ע.מפעולות-ישיר          ,38.50          ,                                            ,                  ,
667127 ,עמלות          ,03/01/2024  ,ע.מפעולות-פקיד          ,5.30           ,                                            ,                  ,
667127 ,עמלות          ,03/01/2024  ,רבית (תאריך ערך: 01/01) ,1.03           ,                                            ,                  ,
  7524 ,קניות בית      ,04/01/2024  ,"היפר מור בע""מ-גמא"    ,72.60          ,                                            ,                  ,
  7524 ,חשבונות        ,04/01/2024  ,APPLE COM BILL          ,33.90          ,                                            ,                  ,
  2347 ,קניות בית      ,05/01/2024  ,חומרי בנין  פרחי-צמר    ,335.00         ,                                            ,                  ,
  2347 ,בזבוזים        ,05/01/2024  ,CAROLINA BAKERY CAFE    ,94.00          ,                                            ,                  ,
  7524 ,בזבוזים        ,05/01/2024  ,מסעדת NONO              ,360.00         ,                                            ,                  ,
  7524 ,קניות בית      ,05/01/2024  ,בגדדי שאול וארז         ,316.50         ,                                            ,                  ,
  7524 ,קניות בית      ,05/01/2024  ,המעדניה                 ,229.00         ,                                            ,                  ,
  7524 ,קניות בית      ,05/01/2024  ,ניצת הדובדבן הוד השר    ,135.06         ,                                            ,                  ,
  7524 ,חשבונות        ,05/01/2024  ,פנגו - כ. 6 צפון        ,4.63           ,                                            ,                  ,
  7524 ,חשבונות        ,05/01/2024  ,פנגו - כ. 6 צפון        ,4.63           ,                                            ,                  ,
  7524 ,חשבונות        ,05/01/2024  ,נטוויז'ן-סלקום          ,3.90           ,                                            ,                  ,
  7524 ,חשבונות        ,05/01/2024  ,פנגו - כ. 6 צפון        ,2.64           ,                                            ,                  ,
  7524 ,חשבונות        ,05/01/2024  ,פנגו - כ. 6 צפון        ,2.64           ,                                            ,                  ,
667127 ,בריאות         ,05/01/2024  ,העב' לאחר-נייד          ,800.00         ,גלית לב טוב                                 ,                  ,לטובת: גלית לב טוב
667127 ,בית ספר        ,05/01/2024  ,"תמר וולדורף ע"""       ,187.00         ,                                            ,                  ,
  2347 ,קניות בית      ,06/01/2024  ,עברית חנות ספרים  20    ,41.67          ,                                            ,                  ,
  7524 ,חשבונות        ,06/01/2024  ,NETFLIX COM             ,69.90          ,                                            ,                  ,
  7524 ,חשבונות        ,06/01/2024  ,APPLE COM BILL          ,39.90          ,                                            ,                  ,
  2347 ,בזבוזים        ,07/01/2024  ,ניני צ'ו                ,304.00         ,                                            ,                  ,
  7524 ,קניות בית      ,07/01/2024  ,שוק קט כפר סירקין       ,333.30         ,                                            ,                  ,
  7524 ,קניות בית      ,07/01/2024  ,"היפר מור בע""מ-גמא"    ,46.80          ,                                            ,                  ,
667127 ,לא לסכימה      ,07/01/2024  ,הפקדה לפקדון            ," 224,268.98 " ,                                            ,                  ,
667127 ,לא לסכימה      ,07/01/2024  ,ישראכרט                 ,103.80         ,                                            ,                  ,
  2347 ,ביגוד          ,08/01/2024  ,ר א ן ספורט בעמ         ,524.40         ,                                            ,                  ,
  2347 ,בריאות         ,08/01/2024  ,"אייביתרפיה בע""מ"      ,320.00         ,                                            ,                  ,
  2347 ,תם             ,08/01/2024  ,GETT                    ,67.20          ,                                            ,                  ,
  2347 ,בזבוזים        ,08/01/2024  ,בית מאפה כפר גנים       ,67.00          ,                                            ,                  ,
  2347 ,שונות          ,08/01/2024  ,PAYBOX                  ,40.00          ,                                            ,                  ,
  7524 ,חשבונות        ,08/01/2024  ,SPLICE COM  SOUNDS 1    ,59.00          ,                                            ,                  ,
  7524 ,חשבונות        ,08/01/2024  ,APPLE COM BILL          ,69.90          ,                                            ,                  ,
667127 ,לא לסכימה      ,08/01/2024  ,הפקדה לפקדון            ," 15,131.10 "  ,                                            ,                  ,
667127 ,לא לסכימה      ,08/01/2024  ,ישראכרט                 ,39.90          ,                                            ,                  ,
  2347 ,קניות בית      ,09/01/2024  ,עברית חנות ספרים  20    ,25.00          ,                                            ,                  ,
  7524 ,בזבוזים        ,09/01/2024  ,מסעדת NONO              ,450.00         ,                                            ,                  ,
  7524 ,תם             ,09/01/2024  ,GETT                    ,70.60          ,                                            ,                  ,
  7524 ,קניות בית      ,09/01/2024  ,סופר פארם הדר גנים פ    ,12.10          ,                                            ,                  ,
  7524 ,חשבונות        ,09/01/2024  ,PAYPAL  DIGITALRIVE     ,105.00         ,                                            ,                  ,
667127 ,לא לסכימה      ,09/01/2024  ,ישראכרט                 ,69.90          ,                                            ,                  ,
  2347 ,קניות בית      ,10/01/2024  ,עברית חנות ספרים  20    ,41.92          ,                                            ,                  ,
  7524 ,קניות בית      ,10/01/2024  ,"היפר מור בע""מ-גמא"    ,82.70          ,                                            ,                  ,
  7524 ,חשבונות        ,10/01/2024  ,MICROSOFT MICROSOFT     ,419.00         ,                                            ,                  ,
667127 ,אמאי           ,10/01/2024  ,העב' לאחר-נייד          ,250.00         ,פרנקל אמאי                                  ,פרוביוטיקה        ,לטובת: פרנקל אמאי עבור: פרוביוטיקה
667127 ,תם             ,10/01/2024  ,טעינת כרטיס             ,200.00         ,                                            ,                  ,
  2347 ,קניות בית      ,11/01/2024  ,אליהו דגים              ,718.00         ,                                            ,                  ,
  7524 ,חוגים          ,11/01/2024  ,"קאנטרי מתנ""ס עמישב"   ,249.00         ,                                            ,                  ,
  7524 ,קניות בית      ,11/01/2024  ,כל-בו כלי בית ומתנות    ,8.00           ,                                            ,                  ,
667127 ,לא לסכימה      ,11/01/2024  ,ישראכרט                 ,105.00         ,                                            ,                  ,
  2347 ,מתנות ותרומות  ,12/01/2024  ,צעצועי שרוני            ,371.70         ,                                            ,                  ,
  2347 ,קניות בית      ,12/01/2024  ,שוק קט כפר סירקין       ,249.28         ,                                            ,                  ,
  2347 ,קניות בית      ,12/01/2024  ,עברית חנות ספרים  20    ,45.90          ,                                            ,                  ,
  7524 ,בזבוזים        ,12/01/2024  ,מסעדת NONO              ,360.00         ,                                            ,                  ,
  7524 ,חשבונות        ,12/01/2024  ,ביטוח לאומי הוראות ק    ,263.00         ,                                            ,                  ,
  7524 ,ביטוח          ,12/01/2024  ,WOLT                    ,260.00         ,                                            ,                  ,
  7524 ,חשבונות        ,12/01/2024  ,ביטוח לאומי הוראות ק    ,205.00         ,                                            ,                  ,
  7524 ,קניות בית      ,12/01/2024  ,המעדניה                 ,106.50         ,                                            ,                  ,
667127 ,לא לסכימה      ,12/01/2024  ,ישראכרט                 ,419.00         ,                                            ,                  ,
  2347 ,בזבוזים        ,14/01/2024  ,פיצה USA                ,104.00         ,                                            ,                  ,
  7524 ,חשבונות        ,14/01/2024  ,חשמל בהוראת קבע דרום    ," 2,103.83 "   ,                                            ,                  ,
667127 ,לא לסכימה      ,14/01/2024  ,הפקדה לפקדון            ," 15,000.00 "  ,                                            ,                  ,
  2347 ,בריאות         ,15/01/2024  ,"אייביתרפיה בע""מ"      ,320.00         ,                                            ,                  ,
  2347 ,מתנות ותרומות  ,15/01/2024  ,HEADSTART.CO.IL         ,186.32         ,                                            ,                  ,
  2347 ,בזבוזים        ,15/01/2024  ,בית מאפה כפר גנים       ,38.00          ,                                            ,                  ,
  7524 ,שונות          ,15/01/2024  ,"העברה ב BIT בנה""פ"    ,581.00         ,                                            ,                  ,
  7524 ,קניות בית      ,15/01/2024  ,ניצת הדובדבן הוד השר    ,235.46         ,                                            ,                  ,
  7524 ,בזבוזים        ,15/01/2024  ,פיצה USA                ,75.00          ,                                            ,                  ,
  7524 ,קניות בית      ,15/01/2024  ,"היפר מור בע""מ-גמא"    ,10.90          ,                                            ,                  ,
667127 ,חשבונות        ,15/01/2024  ,פועלים-משכנתא           ," 10,390.27 "  ,                                            ,                  ,
667127 ,משיכת מזומן    ,15/01/2024  ,משיכה מבנקט             ," 5,000.00 "   ,                                            ,                  ,
  2347 ,קניות בית      ,16/01/2024  ,עברית חנות ספרים  20    ,34.70          ,                                            ,                  ,
  7524 ,קניות בית      ,16/01/2024  ,תחנת לחם פתח תקווה      ,36.00          ,                                            ,                  ,
  7524 ,קניות בית      ,16/01/2024  ,"היפר מור בע""מ-גמא"    ,5.90           ,                                            ,                  ,
  7524 ,בריאות         ,16/01/2024  ,SP BACTRACK             ,493.00         ,                                            ,                  ,
  2347 ,קניות בית      ,17/01/2024  ,שוק קט כפר סירקין       ,25.20          ,                                            ,                  ,
  7524 ,בזבוזים        ,17/01/2024  ,WOLT                    ,235.00         ,                                            ,                  ,
  2347 ,בזבוזים        ,18/01/2024  ,WOLT                    ,668.00         ,                                            ,                  ,
  2347 ,מתנות ותרומות  ,18/01/2024  ,נסיך הצעצועים           ,119.80         ,                                            ,                  ,
  2347 ,קניות בית      ,18/01/2024  ,"היפר מור בע""מ-גמא"    ,110.60         ,                                            ,                  ,
  2347 ,קניות בית      ,18/01/2024  ,"אופני אליקו פ""ת"      ,50.00          ,                                            ,                  ,
  2347 ,תם             ,18/01/2024  ,Gett                    ,38.90          ,                                            ,                  ,
  7524 ,קניות בית      ,18/01/2024  ,שוק קט כפר סירקין       ,160.00         ,                                            ,                  ,
  7524 ,תם             ,18/01/2024  ,Gett                    ,79.00          ,                                            ,                  ,
  7524 ,קניות בית      ,18/01/2024  ,שוק קט כפר סירקין       ,55.80          ,                                            ,                  ,
667127 ,לא לסכימה      ,18/01/2024  ,ישראכרט                 ,493.00         ,                                            ,                  ,
  2347 ,מתנות ותרומות  ,19/01/2024  ,ONE HOUSE               ,228.50         ,                                            ,                  ,
  2347 ,קניות בית      ,19/01/2024  ,שוק קט כפר סירקין       ,86.20          ,                                            ,                  ,
  2347 ,בזבוזים        ,19/01/2024  ,רובן זכרון יעקב         ,55.00          ,                                            ,                  ,
  7524 ,קניות בית      ,19/01/2024  ,המעדניה                 ,352.00         ,                                            ,                  ,
  7524 ,קניות בית      ,19/01/2024  ,בגדדי שאול וארז         ,290.00         ,                                            ,                  ,
  7524 ,ביטוח          ,20/01/2024  ,מגדל חיים/בריאות        ,702.44         ,                                            ,                  ,
  7524 ,ביטוח          ,20/01/2024  ,מגדל חיים/בריאות        ,441.45         ,                                            ,                  ,
  7524 ,בריאות         ,20/01/2024  ,קרולינה למקה-גמא        ,299.90         ,                                            ,                  ,
  7524 ,ביגוד          ,20/01/2024  ,"דקאתלון ישראל בע""מ -" ,230.00         ,                                            ,                  ,
  7524 ,קניות בית      ,20/01/2024  ,מגדל חיים/בריאות        ,219.13         ,                                            ,                  ,
  7524 ,חשבונות        ,20/01/2024  ,בזק הוראת קבע           ,195.23         ,                                            ,                  ,
  7524 ,ביטוח          ,20/01/2024  ,מגדל חיים/בריאות        ,75.36          ,                                            ,                  ,
  7524 ,ביטוח          ,20/01/2024  ,מגדל חיים/בריאות        ,69.33          ,                                            ,                  ,
  7524 ,ביטוח          ,20/01/2024  ,מגדל חיים/בריאות        ,53.10          ,                                            ,                  ,
  7524 ,ביטוח          ,20/01/2024  ,מגדל חיים/בריאות        ,53.10          ,                                            ,                  ,
  7524 ,ביטוח          ,20/01/2024  ,מגדל חיים/בריאות        ,47.17          ,                                            ,                  ,
  7524 ,ביטוח          ,20/01/2024  ,מגדל חיים/בריאות        ,22.55          ,                                            ,                  ,
  7524 ,ביטוח          ,20/01/2024  ,מגדל חיים/בריאות        ,20.96          ,                                            ,                  ,
  2347 ,רכב ותחבורה    ,21/01/2024  ,דרך ארץ הוראת קבע       ,118.90         ,                                            ,                  ,
  7524 ,שונות          ,21/01/2024  ,העברה בBIT              ,175.00         ,                                            ,                  ,
  7524 ,ביטוח          ,21/01/2024  ,מגדל חיים/בריאות        ,160.86         ,                                            ,                  ,
  7524 ,חשבונות        ,21/01/2024  ,HOT MOBILE              ,159.40         ,                                            ,                  ,
  7524 ,שונות          ,21/01/2024  ,"העברה ב BIT בנה""פ"    ,125.20         ,                                            ,                  ,
  7524 ,רכב ותחבורה    ,21/01/2024  ,דרך ארץ הוראת קבע       ,114.57         ,                                            ,                  ,
667127 ,לא לסכימה      ,21/01/2024  ,הפקדה לפקדון            ," 7,010.50 "   ,                                            ,                  ,
667127 ,בריאות         ,21/01/2024  ,העב' לאחר-נייד          ,330.00         ,צילה אבני                                   ,צי קונג           ,לטובת: צילה אבני עבור: צי קונג
  2347 ,בריאות         ,22/01/2024  ,"אייביתרפיה בע""מ"      ,320.00         ,                                            ,                  ,
  2347 ,קניות בית      ,22/01/2024  ,שוק קט כפר סירקין       ,237.20         ,                                            ,                  ,
  2347 ,בית ספר        ,22/01/2024  ,PAYBOX                  ,200.00         ,                                            ,                  ,
  7524 ,חשבונות        ,22/01/2024  ,כפר סירקין              ," 2,364.00 "   ,                                            ,                  ,
  7524 ,קניות בית      ,22/01/2024  ,"סופר מחיר ש.ע בע""מ-צ" ,35.00          ,                                            ,                  ,
  7524 ,חשבונות        ,22/01/2024  ,APPLE COM BILL          ,29.90          ,                                            ,                  ,
  2347 ,עמלות          ,23/01/2024  ,פועלים- דמי כרטיס       ,6.74           ,                                            ,                  ,
  7524 ,קניות בית      ,23/01/2024  ,אליהו דגים              ,381.00         ,                                            ,                  ,
  7524 ,קניות בית      ,23/01/2024  ,וניליה הוד השרון        ,212.00         ,                                            ,                  ,
  7524 ,קניות בית      ,23/01/2024  ,ניצת הדובדבן הוד השר    ,207.50         ,                                            ,                  ,
  7524 ,קניות בית      ,23/01/2024  ,שוק קט כפר סירקין       ,13.52          ,                                            ,                  ,
  2347 ,קניות בית      ,24/01/2024  ,סופר פארם הדר גנים פ    ,201.60         ,                                            ,                  ,
  2347 ,בזבוזים        ,24/01/2024  ,סוויט נחלים             ,61.90          ,                                            ,                  ,
  2347 ,קניות בית      ,24/01/2024  ,עברית חנות ספרים  20    ,36.26          ,                                            ,                  ,
  7524 ,בזבוזים        ,24/01/2024  ,WOLT                    ,81.00          ,                                            ,                  ,
667127 ,לא לסכימה      ,24/01/2024  ,ישראכרט                 ,29.90          ,                                            ,                  ,
  7524 ,קניות בית      ,25/01/2024  ,סיטי מרקט עין גנים ב    ,9.90           ,                                            ,                  ,
  2347 ,קניות בית      ,26/01/2024  ,שוק קט כפר סירקין       ,349.09         ,                                            ,                  ,
  2347 ,קניות בית      ,26/01/2024  ,עברית חנות ספרים  20    ,42.19          ,                                            ,                  ,
  7524 ,בזבוזים        ,26/01/2024  ,מסעדת NONO              ,440.00         ,                                            ,                  ,
  7524 ,חשבונות        ,26/01/2024  ,פנגו חשבונית חודשית     ,40.20          ,                                            ,                  ,
  7524 ,חשבונות        ,26/01/2024  ,SPOTIFY                 ,29.90          ,                                            ,                  ,
  7524 ,חשבונות        ,26/01/2024  ,PAYPAL  JERRY CUSJS     ,875.26         ,                                            ,                  ,
  7524 ,קניות בית      ,27/01/2024  ,סופר פארם הדר גנים פ    ,58.58          ,                                            ,                  ,
  7524 ,שונות          ,27/01/2024  ,שקוף - העין השביעית     ,18.00          ,                                            ,                  ,
  7524 ,קניות בית      ,27/01/2024  ,סוויט נחלים             ,13.00          ,                                            ,                  ,
  2347 ,בזבוזים        ,28/01/2024  ,NAI  LON                ,370.00         ,                                            ,                  ,
  2347 ,קניות בית      ,28/01/2024  ,בי דראגסטור ככר המוש    ,162.70         ,                                            ,                  ,
  7524 ,ביטוח          ,28/01/2024  ,כלל רכב/דירה/עסק        ," 2,161.00 "   ,                                            ,                  ,
  7524 ,קניות בית      ,28/01/2024  ,"היפר מור בע""מ-גמא"    ,54.60          ,                                            ,                  ,
667127 ,לא לסכימה      ,28/01/2024  ,ישראכרט                 ,29.90          ,                                            ,                  ,
  2347 ,קניות בית      ,29/01/2024  ,ניצת הדובדבן פתח תקו    ,590.80         ,                                            ,                  ,
  2347 ,קניות בית      ,29/01/2024  ,אליהו דגים              ,140.00         ,                                            ,                  ,
  7524 ,ביטוח          ,29/01/2024  ,הראל ביטוח חיים         ,529.49         ,                                            ,                  ,
  7524 ,בזבוזים        ,29/01/2024  ,פיצה USA                ,162.00         ,                                            ,                  ,
  7524 ,קניות בית      ,30/01/2024  ,בשר איכות               ," 1,118.00 "   ,                                            ,                  ,
  7524 ,קניות בית      ,30/01/2024  ,צמרת-שפע פירות וירקו    ,108.00         ,                                            ,                  ,
  7524 ,שונות          ,30/01/2024  ,"העברה ב BIT בנה""פ"    ,60.00          ,                                            ,                  ,
667127 ,לא לסכימה      ,30/01/2024  ,ישראכרט                 ,875.26         ,                                            ,                  ,
667127 ,תם             ,30/01/2024  ,טעינת כרטיס             ,620.00         ,                                            ,                  ,
  2347 ,קניות בית      ,31/01/2024  ,"היפר מור בע""מ-גמא"    ,223.49         ,                                            ,                  ,
  2347 ,קניות בית      ,31/01/2024  ,עברית חנות ספרים  20    ,41.89          ,                                            ,                  ,
  7524 ,חשבונות        ,31/01/2024  ,מ.א דרום השרון ארנונ    ," 2,213.00 "   ,                                            ,                  ,
  7524 ,בזבוזים        ,31/01/2024  ,פיצה USA                ,75.00          ,                                            ,                  ,
  7524 ,תם             ,31/01/2024  ,Gett                    ,43.90          ,                                            ,                  ,
  2347 ,בריאות         ,01/02/2024  ,"אייביתרפיה בע""מ"      ,320.00         ,                                            ,                  ,
  2347 ,תם             ,02/02/2024  ,Gett                    ,25.00          ,                                            ,                  ,
  2347 ,קניות בית      ,02/02/2024  ,שוק קט כפר סירקין       ,181.50         ,                                            ,                  ,
  7524 ,תוכנה וחומרה   ,02/02/2024  ,NOTION LABS  INC        ,36.00          ,                                            ,                  ,
  7524 ,בזבוזים        ,02/02/2024  ,NAI  LON                ,600.00         ,                                            ,                  ,
667127 ,חשבונות        ,02/02/2024  ,קוורטט ניהול ע          ," 4,504.50 "   ,                                            ,                  ,
667127 ,עמלות          ,02/02/2024  ,אמריקן אקספרס           ,11.14          ,                                            ,                  ,
667127 ,עמלות          ,02/02/2024  ,אמריקן אקספרס           ,11.14          ,                                            ,                  ,
667127 ,לא לסכימה      ,02/02/2024  ,ישראכרט                 ," 24,488.25 "  ,                                            ,                  ,
667127 ,לא לסכימה      ,02/02/2024  ,ישראכרט                 ," 9,383.05 "   ,                                            ,                  ,
  7524 ,חשבונות        ,04/02/2024  ,RELUME IO               ,140.00         ,                                            ,                  ,
  7524 ,חשבונות        ,04/02/2024  ,APPLE COM BILL          ,33.90          ,                                            ,                  ,
  7524 ,ביטוח          ,04/02/2024  ,קרן מכבי- חיוב          ,672.92         ,                                            ,                  ,
  7524 ,ביטוח          ,04/02/2024  ,הראל ביטוח חיים         ,347.33         ,                                            ,                  ,
667127 ,עמלות          ,04/02/2024  ,ע.מפעולות-ישיר          ,33.25          ,                                            ,                  ,
  2347 ,קניות בית      ,05/02/2024  ,עברית חנות ספרים  20    ,32.00          ,                                            ,                  ,
  7524 ,קניות בית      ,05/02/2024  ,ניצת הדובדבן תל מונד    ,35.17          ,                                            ,                  ,
  7524 ,קניות בית      ,05/02/2024  ,שוק קט כפר סירקין       ,68.30          ,                                            ,                  ,
667127 ,בית ספר        ,05/02/2024  ,"תמר וולדורף ע"""       ,187.00         ,                                            ,                  ,
  2347 ,רכב ותחבורה    ,06/02/2024  ,נחלים טופ טייר          ," 1,170.00 "   ,                                            ,                  ,
  7524 ,חשבונות        ,06/02/2024  ,NETFLIX COM             ,69.90          ,                                            ,                  ,
  7524 ,חשבונות        ,06/02/2024  ,APPLE COM BILL          ,39.90          ,                                            ,                  ,
  7524 ,קניות בית      ,06/02/2024  ,שוק קט כפר סירקין       ,70.30          ,                                            ,                  ,
  7524 ,חשבונות        ,06/02/2024  ,נטוויז'ן-סלקום          ,3.90           ,                                            ,                  ,
  7524 ,חשבונות        ,06/02/2024  ,"העברה ב BIT בנה""פ"    ,234.00         ,                                            ,                  ,
667127 ,לא לסכימה      ,06/02/2024  ,ישראכרט                 ,33.90          ,                                            ,                  ,
667127 ,לא לסכימה      ,06/02/2024  ,מטח-קניה                ,183.03         ,                                            ,                  ,
  2347 ,בזבוזים        ,07/02/2024  ,פיצה USA                ,93.00          ,                                            ,                  ,
  2347 ,קניות בית      ,07/02/2024  ,עברית חנות ספרים  20    ,32.00          ,                                            ,                  ,
  7524 ,קניות בית      ,07/02/2024  ,AMZN MKTP US R25EC27    ,80.00          ,                                            ,                  ,
667127 ,לא לסכימה      ,07/02/2024  ,ישראכרט                 ,69.90          ,                                            ,                  ,
  7524 ,חשבונות        ,08/02/2024  ,SPLICE COM  SOUNDS 1    ,30.00          ,                                            ,                  ,
  7524 ,חשבונות        ,08/02/2024  ,PAYPAL  DIGITALRIVE     ,75.76          ,                                            ,                  ,
  7524 ,קניות בית      ,08/02/2024  ,"היפר מור בע""מ-גמא"    ,70.70          ,                                            ,                  ,
  7524 ,קניות בית      ,08/02/2024  ,בגדדי שאול וארז         ,164.00         ,                                            ,                  ,
  7524 ,קניות בית      ,08/02/2024  ,המעדניה                 ,229.00         ,                                            ,                  ,
  7524 ,קניות בית      ,08/02/2024  ,ניצת הדובדבן הוד השר    ,216.99         ,                                            ,                  ,
  7524 ,בזבוזים        ,08/02/2024  ,WOLT                    ,136.00         ,                                            ,                  ,
667127 ,משיכת מזומן    ,08/02/2024  ,משיכה מבנקט             ," 4,005.90 "   ,                                            ,                  ,
667127 ,לא לסכימה      ,08/02/2024  ,ישראכרט                 ,39.90          ,                                            ,                  ,
667127 ,לא לסכימה      ,08/02/2024  ,הפקדה לפקדון            ," 11,301.20 "  ,                                            ,                  ,
  2347 ,קניות בית      ,09/02/2024  ,עברית חנות ספרים  20    ,32.00          ,                                            ,                  ,
  2347 ,קניות בית      ,09/02/2024  ,שוק קט כפר סירקין       ,17.90          ,                                            ,                  ,
  2347 ,קניות בית      ,09/02/2024  ,שוק קט כפר סירקין       ,370.00         ,                                            ,                  ,
  7524 ,קניות בית      ,09/02/2024  ,"סופר מחיר ש.ע בע""מ-צ" ,73.40          ,                                            ,                  ,
  7524 ,בריאות         ,09/02/2024  ,"דנטליקס בע""מ"         ,400.00         ,                                            ,                  ,
  7524 ,בריאות         ,09/02/2024  ,"ד""ר ירון בלסבלג - מו" ,200.00         ,                                            ,                  ,
  7524 ,קניות בית      ,09/02/2024  ,שוק קט כפר סירקין       ,71.80          ,                                            ,                  ,
  7524 ,קניות בית      ,09/02/2024  ,העברה בBIT              ,315.00         ,                                            ,                  ,
  7524 ,בזבוזים        ,10/02/2024  ,WOLT                    ,234.00         ,                                            ,                  ,
  2347 ,בזבוזים        ,11/02/2024  ,פלאפל אלי               ,46.08          ,"הנחה 1.92       ש""ח ר.הנחות לי"           ,                  ,
  7524 ,חשבונות        ,11/02/2024  ,APPLE COM BILL          ,29.90          ,                                            ,                  ,
667127 ,לא לסכימה      ,11/02/2024  ,ישראכרט                 ,75.76          ,                                            ,                  ,
  2347 ,ביגוד          ,12/02/2024  ,קיד איי                 ,438.00         ,                                            ,                  ,
  2347 ,קניות בית      ,12/02/2024  ,קרביץ-יציל              ,65.20          ,                                            ,                  ,
  2347 ,בזבוזים        ,12/02/2024  ,אגדיר דרורים גיי גול    ,138.00         ,                                            ,                  ,
  2347 ,קניות בית      ,12/02/2024  ,בי דראגסטורס תרופות     ,425.84         ,                                            ,                  ,
  2347 ,קניות בית      ,12/02/2024  ,עברית חנות ספרים  20    ,36.91          ,                                            ,                  ,
  2347 ,בריאות         ,12/02/2024  ,"אייביתרפיה בע""מ"      ,320.00         ,                                            ,                  ,
  7524 ,חשבונות        ,12/02/2024  ,חשמל בהוראת קבע דרום    ," 2,086.19 "   ,                                            ,                  ,
  7524 ,חשבונות        ,12/02/2024  ,חשמל בהוראת קבע דרום    ,90.59          ,                                            ,                  ,
  7524 ,קניות בית      ,12/02/2024  ,שוק קט כפר סירקין       ,136.81         ,                                            ,                  ,
667127 ,לא לסכימה      ,12/02/2024  ,מטח-קניה                ,117.30         ,                                            ,                  ,
  2347 ,קניות בית      ,13/02/2024  ,עברית חנות ספרים  20    ,32.00          ,                                            ,                  ,
  7524 ,תחזוקת בית ישן ,13/02/2024  ,אדיר שיווק אביזרים ל    ," 4,980.00 "   ,                                            ,                  ,
667127 ,לא לסכימה      ,13/02/2024  ,ישראכרט                 ,29.90          ,                                            ,                  ,
667127 ,תם             ,13/02/2024  ,טעינת כרטיס             ,100.00         ,                                            ,                  ,
667127 ,תם             ,13/02/2024  ,טעינת כרטיס             ,150.00         ,                                            ,                  ,
  7524 ,חשבונות        ,14/02/2024  ,ביטוח לאומי הוראות ק    ,198.00         ,                                            ,                  ,
  7524 ,בזבוזים        ,14/02/2024  ,פיצה USA                ,81.00          ,                                            ,                  ,
  7524 ,תם             ,14/02/2024  ,Gett                    ,87.40          ,                                            ,                  ,
667127 ,תם             ,14/02/2024  ,טעינת כרטיס             ,200.00         ,                                            ,                  ,
  2347 ,בזבוזים        ,15/02/2024  ,לנדוור קרית השרון       ,15.00          ,                                            ,                  ,
  7524 ,קניות בית      ,15/02/2024  ,בגדדי שאול וארז         ,179.60         ,                                            ,                  ,
  7524 ,בריאות         ,15/02/2024  ,"קאנטרי מתנ""ס עמישב"   ,249.00         ,                                            ,                  ,
  7524 ,קניות בית      ,15/02/2024  ,המעדניה                 ,74.80          ,                                            ,                  ,
  7524 ,חשבונות        ,15/02/2024  ,ביטוח לאומי הוראות ק    ,362.00         ,                                            ,                  ,
  7524 ,קניות בית      ,15/02/2024  ,ניצת הדובדבן הוד השר    ,268.84         ,                                            ,                  ,
667127 ,חשבונות        ,15/02/2024  ,פועלים-משכנתא           ," 8,788.51 "   ,                                            ,                  ,
  2347 ,בזבוזים        ,16/02/2024  ,יאמטויה                 ,325.00         ,                                            ,                  ,
  7524 ,בזבוזים        ,16/02/2024  ,הנסיך                   ,340.00         ,                                            ,                  ,
  7524 ,תם             ,16/02/2024  ,Gett                    ,185.90         ,                                            ,                  ,
  2347 ,קניות בית      ,17/02/2024  ,עברית חנות ספרים  20    ,32.00          ,                                            ,                  ,
  2347 ,סטודיו שחר     ,18/02/2024  ,TEMU COM                ,182.31         ,                                            ,                  ,
  2347 ,קניות בית      ,18/02/2024  ,עברית חנות ספרים  20    ,32.00          ,                                            ,                  ,
  2347 ,בזבוזים        ,18/02/2024  ,WOLT                    ,342.00         ,                                            ,                  ,
  7524 ,קניות בית      ,18/02/2024  ,"היפר מור בע""מ-גמא"    ,46.80          ,                                            ,                  ,
667127 ,לא לסכימה      ,18/02/2024  ,ישראכרט                 ,182.31         ,                                            ,                  ,
667127 ,לא לסכימה      ,18/02/2024  ,הפקדה לפקדון            ," 11,817.69 "  ,                                            ,                  ,
  2347 ,בזבוזים        ,19/02/2024  ,פיצה USA                ,93.00          ,                                            ,                  ,
  2347 ,בזבוזים        ,20/02/2024  ,תיאטרון גשר             ,300.00         ,                                            ,                  ,
  7524 ,קניות בית      ,20/02/2024  ,AMZN MKTP US RW30F7Z    ,140.00         ,                                            ,                  ,
  7524 ,חשבונות        ,20/02/2024  ,בזק הוראת קבע           ,194.53         ,                                            ,                  ,
667127 ,לא לסכימה      ,20/02/2024  ,הפקדה לפקדון            ,112.00         ,                                            ,                  ,
  2347 ,רכב ותחבורה    ,21/02/2024  ,דרך ארץ הוראת קבע       ,194.83         ,                                            ,                  ,
  2347 ,קניות בית      ,21/02/2024  ,עברית חנות ספרים  20    ,32.00          ,                                            ,                  ,
  2347 ,בזבוזים        ,21/02/2024  ,WOLT                    ,425.00         ,                                            ,                  ,
  7524 ,ביטוח          ,21/02/2024  ,מגדל חיים/בריאות        ,69.33          ,                                            ,                  ,
  7524 ,ביטוח          ,21/02/2024  ,מגדל חיים/בריאות        ,22.55          ,                                            ,                  ,
  7524 ,ביטוח          ,21/02/2024  ,מגדל חיים/בריאות        ,59.34          ,                                            ,                  ,
  7524 ,ביטוח          ,21/02/2024  ,מגדל חיים/בריאות        ,59.34          ,                                            ,                  ,
  7524 ,ביטוח          ,21/02/2024  ,מגדל חיים/בריאות        ,20.96          ,                                            ,                  ,
  7524 ,ביטוח          ,21/02/2024  ,מגדל חיים/בריאות        ,75.36          ,                                            ,                  ,
  7524 ,ביטוח          ,21/02/2024  ,מגדל חיים/בריאות        ,493.39         ,                                            ,                  ,
  7524 ,ביטוח          ,21/02/2024  ,מגדל חיים/בריאות        ,47.17          ,                                            ,                  ,
  7524 ,ביטוח          ,21/02/2024  ,מגדל חיים/בריאות        ,219.13         ,                                            ,                  ,
  7524 ,ביטוח          ,21/02/2024  ,מגדל חיים/בריאות        ,702.44         ,                                            ,                  ,
  7524 ,ביטוח          ,21/02/2024  ,מגדל חיים/בריאות        ,160.72         ,                                            ,                  ,
  7524 ,חשבונות        ,21/02/2024  ,HOT MOBILE              ,159.40         ,                                            ,                  ,
  7524 ,רכב ותחבורה    ,21/02/2024  ,דרך ארץ הוראת קבע       ,200.49         ,                                            ,                  ,
  2347 ,קניות בית      ,22/02/2024  ,זה תלוי                 ,800.00         ,                                            ,                  ,
  7524 ,חשבונות        ,22/02/2024  ,פנגו- כבישי אגרה        ,(1.24)         ,זיכוי                                       ,                  ,
  7524 ,בזבוזים        ,22/02/2024  ,פיצה USA                ,81.00          ,                                            ,                  ,
  7524 ,קניות בית      ,22/02/2024  ,שר המשקאות              ,230.00         ,                                            ,                  ,
  7524 ,בזבוזים        ,22/02/2024  ,WOLT                    ,76.00          ,                                            ,                  ,
  7524 ,בריאות         ,22/02/2024  ,"ד""ר ירון בלסבלג - מו" ," 2,600.00 "   ,                                            ,                  ,
  2347 ,בזבוזים        ,23/02/2024  ,מקוה ישראל              ,30.00          ,                                            ,                  ,
  2347 ,קניות בית      ,23/02/2024  ,עברית חנות ספרים  20    ,32.00          ,                                            ,                  ,
  2347 ,בזבוזים        ,23/02/2024  ,אוקינואווה סושי         ,282.00         ,                                            ,                  ,
  2347 ,עמלות          ,23/02/2024  ,פועלים- דמי כרטיס       ,6.74           ,"הנחה 6.74       ש""ח"                      ,                  ,
  7524 ,קניות בית      ,23/02/2024  ,שוק קט כפר סירקין       ,551.00         ,                                            ,                  ,
667127 ,תם             ,23/02/2024  ,טעינת כרטיס             ,300.00         ,                                            ,                  ,
  2347 ,קניות בית      ,25/02/2024  ,מכולת יעקב              ,36.00          ,                                            ,                  ,
  7524 ,חשבונות        ,25/02/2024  ,GITHUB  INC             ,36.00          ,                                            ,                  ,
  7524 ,קניות בית      ,25/02/2024  ,PAYPAL  PADDLE NET      ,115.23         ,                                            ,                  ,
  7524 ,בזבוזים        ,25/02/2024  ,פיצה USA                ,75.00          ,                                            ,                  ,
  7524 ,בזבוזים        ,25/02/2024  ,WOLT                    ,211.00         ,                                            ,                  ,
667127 ,בריאות         ,25/02/2024  ,העב' לאחר-נייד          ,330.00         ,צילה אבני                                   ,ציקונג באהבה      ,לטובת: צילה אבני עבור: ציקונג באהבה
  2347 ,קניות בית      ,26/02/2024  ,שוק קט כפר סירקין       ,12.00          ,                                            ,                  ,
  2347 ,קניות בית      ,26/02/2024  ,שוק קט כפר סירקין       ,114.20         ,                                            ,                  ,
  2347 ,קניות בית      ,26/02/2024  ,אליהו דגים              ,532.00         ,                                            ,                  ,
  2347 ,קניות בית      ,26/02/2024  ,אליהו דגים              ,47.00          ,                                            ,                  ,
  7524 ,חשבונות        ,26/02/2024  ,SPOTIFY                 ,29.90          ,                                            ,                  ,
  7524 ,חשבונות        ,26/02/2024  ,CELLO                   ,139.80         ,                                            ,                  ,
  7524 ,חשבונות        ,26/02/2024  ,פנגו חשבונית חודשית     ,34.26          ,                                            ,                  ,
  7524 ,בזבוזים        ,26/02/2024  ,פיצה USA                ,75.00          ,                                            ,                  ,
667127 ,תם             ,26/02/2024  ,טעינת כרטיס             ,500.00         ,                                            ,                  ,
667127 ,לא לסכימה      ,26/02/2024  ,מטח-קניה                ,182.51         ,                                            ,"כיסוי חובה מט""" ,"  עבור: כיסוי חובה מט"""
  2347 ,קניות בית      ,27/02/2024  ,עברית חנות ספרים  20    ,32.00          ,                                            ,                  ,
  7524 ,קניות בית      ,27/02/2024  ,בגדדי שאול וארז         ,68.00          ,                                            ,                  ,
  7524 ,קניות בית      ,27/02/2024  ,"סופר מחיר ש.ע בע""מ-צ" ,10.90          ,                                            ,                  ,
  7524 ,ביטוח          ,27/02/2024  ,הפניקס ביטוח            ,540.00         ,                                            ,                  ,
  7524 ,קניות בית      ,27/02/2024  ,המעדניה                 ,42.90          ,                                            ,                  ,
  7524 ,קניות בית      ,27/02/2024  ,ניצת הדובדבן הוד השר    ,333.54         ,                                            ,                  ,
  7524 ,מתנות ותרומות  ,27/02/2024  ,שקוף - העין השביעית     ,18.00          ,                                            ,                  ,
  2347 ,ביגוד          ,28/02/2024  ,ויצו הוד השרון          ,90.00          ,                                            ,                  ,
  7524 ,קניות בית      ,28/02/2024  ,טבע הגליל - קוסמטיקה    ,52.00          ,                                            ,                  ,
  7524 ,ביטוח          ,28/02/2024  ,הראל ביטוח חיים         ,529.49         ,                                            ,                  ,
  7524 ,קניות בית      ,28/02/2024  ,שוק קט כפר סירקין       ,179.00         ,                                            ,                  ,
667127 ,משיכת מזומן    ,28/02/2024  ,משיכה מבנקט             ," 5,005.90 "   ,                                            ,                  ,
667127 ,לא לסכימה      ,28/02/2024  ,ישראכרט                 ,115.23         ,                                            ,                  ,
  7524 ,קניות בית      ,29/02/2024  ,בית מרקחת פתח תקוה      ,33.37          ,                                            ,                  ,
  7524 ,חשבונות        ,29/02/2024  ,מ.א דרום השרון ארנונ    ," 2,213.00 "   ,                                            ,                  ,
  7524 ,בזבוזים        ,29/02/2024  ,פיצה USA                ,75.00          ,                                            ,                  ,
667127 ,לא לסכימה      ,29/02/2024  ,ישראכרט                 ,29.90          ,                                            ,                  ,
667127 ,לא לסכימה      ,29/02/2024  ,הפקדה לפקדון            ,679.95         ,                                            ,                  ,
  2347 ,בזבוזים        ,01/03/2024  ,קפה חמד                 ,18.00          ,                                            ,                  ,
  2347 ,רכב ותחבורה    ,01/03/2024  ,חניוני חנייה כחולה      ,16.00          ,                                            ,                  ,
  2347 ,מתנות ותרומות  ,01/03/2024  ,מריונטה  הוד השרון      ,100.00         ,                                            ,                  ,
  2347 ,קניות בית      ,01/03/2024  ,באשר כיכר המושבה        ,142.00         ,                                            ,                  ,
  7524 ,קניות בית      ,01/03/2024  ,שוק קט כפר סירקין       ,292.72         ,                                            ,                  ,
  7524 ,בזבוזים        ,01/03/2024  ,NAI  LON                ,800.00         ,                                            ,                  ,
  2347 ,קניות בית      ,02/03/2024  ,עברית חנות ספרים  20    ,29.00          ,                                            ,                  ,
  7524 ,תוכנה וחומרה   ,02/03/2024  ,NOTION LABS  INC        ,36.00          ,                                            ,                  ,
  2347 ,בריאות         ,03/03/2024  ,PAYBOX                  ,900.00         ,                                            ,                  ,
  2347 ,בריאות         ,03/03/2024  ,"ד""ר נועה סדן"         ,300.00         ,                                            ,                  ,
  7524 ,קניות בית      ,03/03/2024  ,שוק קט כפר סירקין       ,93.50          ,                                            ,                  ,
  7524 ,ביטוח          ,03/03/2024  ,הראל ביטוח חיים         ,347.33         ,                                            ,                  ,
667127 ,חשבונות        ,03/03/2024  ,קוורטט ניהול ע          ," 4,504.50 "   ,                                            ,                  ,
667127 ,עמלות          ,03/03/2024  ,אמריקן אקספרס           ,11.14          ,                                            ,                  ,
667127 ,עמלות          ,03/03/2024  ,אמריקן אקספרס           ,11.14          ,                                            ,                  ,
667127 ,לא לסכימה      ,03/03/2024  ,ישראכרט                 ," 25,126.91 "  ,                                            ,                  ,
667127 ,לא לסכימה      ,03/03/2024  ,ישראכרט                 ," 7,580.20 "   ,                                            ,                  ,
667127 ,תם             ,03/03/2024  ,טעינת כרטיס             ,250.00         ,                                            ,                  ,
  2347 ,שונות          ,04/03/2024  ,"אפי נכסים בע""מ"       ,16.00          ,                                            ,                  ,
  2347 ,בזבוזים        ,04/03/2024  ,פיצה פורטו בני דרור     ,104.00         ,                                            ,                  ,
  2347 ,בריאות         ,04/03/2024  ,המרכז הישראלי לניתוח    ,200.00         ,                                            ,                  ,
  7524 ,קניות בית      ,04/03/2024  ,"היפר מור בע""מ-גמא"    ,67.60          ,                                            ,                  ,
  7524 ,ביטוח          ,04/03/2024  ,קרן מכבי- חיוב          ,772.44         ,                                            ,                  ,
  7524 ,קניות בית      ,04/03/2024  ,ניצת הדובדבן פתח תקו    ,282.04         ,                                            ,                  ,
  7524 ,בריאות         ,04/03/2024  ,"ד""ר ירון בלסבלג - מו" ," 1,200.00 "   ,                                            ,                  ,
  7524 ,קניות בית      ,04/03/2024  ,פת הנחתום               ,13.00          ,                                            ,                  ,
  7524 ,בריאות         ,04/03/2024  ,דר רן הרצברג            ," 7,600.00 "   ,                                            ,                  ,
  7524 ,תוכנה וחומרה   ,04/03/2024  ,RELUME IO               ,150.00         ,                                            ,                  ,
  7524 ,תוכנה וחומרה   ,04/03/2024  ,ABLETON AG              ,660.00         ,                                            ,                  ,
  7524 ,חשבונות        ,04/03/2024  ,APPLE COM BILL          ,33.90          ,                                            ,                  ,
667127 ,תם             ,04/03/2024  ,טעינת כרטיס             ,100.00         ,                                            ,                  ,
667127 ,עמלות          ,04/03/2024  ,ע.מפעולות-ישיר          ,29.75          ,                                            ,                  ,
  2347 ,בזבוזים        ,05/03/2024  ,פיצה USA                ,75.00          ,                                            ,                  ,
  2347 ,קניות בית      ,05/03/2024  ,עברית חנות ספרים  20    ,33.00          ,                                            ,                  ,
  7524 ,קניות בית      ,05/03/2024  ,AMZN MKTP US RN5N71O    ,125.00         ,                                            ,                  ,
  7524 ,קניות בית      ,05/03/2024  ,AMAZON COM RN9TW7LQ2    ,125.00         ,                                            ,                  ,
667127 ,בית ספר        ,05/03/2024  ,"תמר וולדורף ע"""       ,187.00         ,                                            ,                  ,
  2347 ,קניות בית      ,06/03/2024  ,עברית חנות ספרים  20    ,33.00          ,                                            ,                  ,
  7524 ,קניות בית      ,06/03/2024  ,"היפר מור בע""מ-גמא"    ,143.70         ,                                            ,                  ,
  7524 ,חשבונות        ,06/03/2024  ,NETFLIX COM             ,69.90          ,                                            ,                  ,
  7524 ,חשבונות        ,06/03/2024  ,APPLE COM BILL          ,39.90          ,                                            ,                  ,
667127 ,לא לסכימה      ,06/03/2024  ,ישראכרט                 ,33.90          ,                                            ,                  ,
667127 ,לא לסכימה      ,07/03/2024  ,ישראכרט                 ,69.90          ,                                            ,                  ,
  2347 ,קניות בית      ,08/03/2024  ,בגדדי שאול וארז         ,457.00         ,                                            ,                  ,
  2347 ,רכב ותחבורה    ,08/03/2024  ,חניון כיכר המושבה הו    ,10.00          ,                                            ,                  ,
  2347 ,סטודיו שחר     ,08/03/2024  ,קנווס ארט בע''מ         ,180.00         ,                                            ,                  ,
  2347 ,קניות בית      ,08/03/2024  ,בי דראגסטור ככר המוש    ,238.00         ,                                            ,                  ,
  2347 ,קניות בית      ,08/03/2024  ,באשר כיכר המושבה        ,50.00          ,                                            ,                  ,
  2347 ,בזבוזים        ,08/03/2024  ,NAI  LON                ," 1,000.00 "   ,                                            ,                  ,
  2347 ,בזבוזים        ,08/03/2024  ,שכולו טוב - קפה טוב     ,30.00          ,                                            ,                  ,
  7524 ,קניות בית      ,08/03/2024  ,"היפר מור בע""מ-גמא"    ,10.90          ,                                            ,                  ,
  7524 ,קניות בית      ,08/03/2024  ,שוק קט כפר סירקין       ,156.90         ,                                            ,                  ,
  7524 ,קניות בית      ,08/03/2024  ,אליהו דגים              ,386.00         ,                                            ,                  ,
  7524 ,תוכנה וחומרה   ,08/03/2024  ,SPLICE COM  SOUNDS 1    ,30.00          ,                                            ,                  ,
  7524 ,חשבונות        ,08/03/2024  ,PAYPAL  DIGITALRIVE     ,105.00         ,                                            ,                  ,
667127 ,לא לסכימה      ,08/03/2024  ,ישראכרט                 ,39.90          ,                                            ,                  ,
  2347 ,קניות בית      ,09/03/2024  ,עברית חנות ספרים  20    ,33.00          ,                                            ,                  ,
  7524 ,קניות בית      ,10/03/2024  ,"העברה ב BIT בנה""פ"    ,60.00          ,                                            ,                  ,
667127 ,לא לסכימה      ,10/03/2024  ,ישראכרט                 ,105.00         ,                                            ,                  ,
667127 ,אמאי           ,11/03/2024  ,הוראת-קבע               ,400.00         ,לטובת: פרנקל אמאי עבור: 12-626-057185       ,פרנקל אמאי        ,12-626-057185
667127 ,תם             ,11/03/2024  ,טעינת כרטיס             ,300.00         ,                                            ,                  ,
  2347 ,קניות בית      ,12/03/2024  ,עברית חנות ספרים  20    ,33.00          ,                                            ,                  ,
  7524 ,קניות בית      ,12/03/2024  ,בגדדי שאול וארז         ,299.90         ,                                            ,                  ,
  7524 ,קניות בית      ,12/03/2024  ,ניצת הדובדבן פתח תקו    ,137.74         ,                                            ,                  ,
  7524 ,קניות בית      ,12/03/2024  ,המעדניה                 ,183.00         ,                                            ,                  ,
  7524 ,חשבונות        ,12/03/2024  ,נטוויז'ן-סלקום          ,3.90           ,                                            ,                  ,
  2347 ,בזבוזים        ,13/03/2024  ,פיצה USA                ,85.00          ,                                            ,                  ,
  2347 ,בריאות         ,14/03/2024  ,"אייביתרפיה בע""מ"      ,320.00         ,                                            ,                  ,
  7524 ,חשבונות        ,14/03/2024  ,חשמל בהוראת קבע דרום    ," 2,492.70 "   ,                                            ,                  ,
  7524 ,חשבונות        ,14/03/2024  ,ביטוח לאומי הוראות ק    ,198.00         ,                                            ,                  ,
  7524 ,בזבוזים        ,14/03/2024  ,WOLT                    ,258.00         ,                                            ,                  ,
  2347 ,קניות בית      ,15/03/2024  ,עברית חנות ספרים  20    ,46.15          ,                                            ,                  ,
  7524 ,תם             ,15/03/2024  ,Gett                    ,83.50          ,                                            ,                  ,
  7524 ,חשבונות        ,15/03/2024  ,ביטוח לאומי הוראות ק    ,362.00         ,                                            ,                  ,
  7524 ,קניות בית      ,15/03/2024  ,המעדניה                 ,175.00         ,                                            ,                  ,
  7524 ,בזבוזים        ,15/03/2024  ,WOLT                    ,172.00         ,                                            ,                  ,
  7524 ,בזבוזים        ,15/03/2024  ,מסעדת NONO              ,200.00         ,                                            ,                  ,
667127 ,חשבונות        ,15/03/2024  ,פועלים-משכנתא           ," 8,788.51 "   ,                                            ,                  ,
  2347 ,קניות בית      ,17/03/2024  ,עברית חנות ספרים  20    ,33.00          ,                                            ,                  ,
  7524 ,חשבונות        ,17/03/2024  ,פנגו- כבישי אגרה        ,8.51           ,                                            ,                  ,
  7524 ,בריאות         ,17/03/2024  ,"קאנטרי מתנ""ס עמישב"   ,249.00         ,                                            ,                  ,
  7524 ,חשבונות        ,17/03/2024  ,"דוגז שיווק 1995 בע""מ" ,990.00         ,                                            ,                  ,
667127 ,תם             ,17/03/2024  ,טעינת כרטיס             ,200.00         ,                                            ,                  ,
  2347 ,קניות בית      ,18/03/2024  ,שוק קט כפר סירקין       ,397.00         ,                                            ,                  ,
  7524 ,בזבוזים        ,18/03/2024  ,מזנון רמת החייל         ,68.00          ,                                            ,                  ,
  7524 ,בזבוזים        ,18/03/2024  ,WOLT                    ,172.00         ,                                            ,                  ,
  2347 ,קניות בית      ,19/03/2024  ,שוק קט כפר סירקין       ,159.20         ,                                            ,                  ,
  7524 ,קניות בית      ,19/03/2024  ,צמרת-שפע פירות וירקו    ,197.30         ,                                            ,                  ,
  7524 ,בזבוזים        ,19/03/2024  ,WOLT                    ,76.00          ,                                            ,                  ,
  7524 ,קניות בית      ,19/03/2024  ,בשר איכות               ,995.00         ,                                            ,                  ,
  7524 ,קניות בית      ,19/03/2024  ,אליהו דגים              ,400.00         ,                                            ,                  ,
  2347 ,רכב ותחבורה    ,20/03/2024  ,דרך ארץ הוראת קבע       ,133.66         ,                                            ,                  ,
  7524 ,ביטוח          ,20/03/2024  ,מגדל חיים/בריאות        ,69.60          ,                                            ,                  ,
  7524 ,ביטוח          ,20/03/2024  ,מגדל חיים/בריאות        ,495.29         ,                                            ,                  ,
  7524 ,ביטוח          ,20/03/2024  ,מגדל חיים/בריאות        ,21.04          ,                                            ,                  ,
  7524 ,ביטוח          ,20/03/2024  ,מגדל חיים/בריאות        ,75.65          ,                                            ,                  ,
  7524 ,ביטוח          ,20/03/2024  ,מגדל חיים/בריאות        ,47.35          ,                                            ,                  ,
  7524 ,ביטוח          ,20/03/2024  ,מגדל חיים/בריאות        ,59.57          ,                                            ,                  ,
  7524 ,ביטוח          ,20/03/2024  ,מגדל חיים/בריאות        ,59.57          ,                                            ,                  ,
  7524 ,ביטוח          ,20/03/2024  ,מגדל חיים/בריאות        ,22.63          ,                                            ,                  ,
  7524 ,ביטוח          ,20/03/2024  ,מגדל חיים/בריאות        ,219.97         ,                                            ,                  ,
  7524 ,ביטוח          ,20/03/2024  ,מגדל חיים/בריאות        ,705.15         ,                                            ,                  ,
  7524 ,ביטוח          ,20/03/2024  ,מגדל חיים/בריאות        ,160.72         ,                                            ,                  ,
  7524 ,חשבונות        ,20/03/2024  ,HOT MOBILE              ,180.33         ,                                            ,                  ,
  7524 ,רכב ותחבורה    ,20/03/2024  ,דרך ארץ הוראת קבע       ,143.21         ,                                            ,                  ,
  7524 ,חשבונות        ,20/03/2024  ,בזק הוראת קבע           ,195.05         ,                                            ,                  ,
667127 ,בריאות         ,20/03/2024  ,שיק                     ," 1,000.00 "   ,                                            ,                  ,
667127 ,תם             ,20/03/2024  ,טעינת כרטיס             ,200.00         ,                                            ,                  ,
  2347 ,בזבוזים        ,21/03/2024  ,פיצה USA                ,85.00          ,                                            ,                  ,
  2347 ,קניות בית      ,21/03/2024  ,עברית חנות ספרים  20    ,34.69          ,                                            ,                  ,
  7524 ,קניות בית      ,21/03/2024  ,AMZN MKTP US RH7G778    ,310.00         ,                                            ,                  ,
  2347 ,אמאי           ,22/03/2024  ,אי סי תפקודי ראיה בע    ," 4,200.00 "   ,                                            ,                  ,
  2347 ,קניות בית      ,22/03/2024  ,עברית חנות ספרים  20    ,25.00          ,                                            ,                  ,
  2347 ,קניות בית      ,22/03/2024  ,סופר פארם הדר גנים פ    ,266.95         ,                                            ,                  ,
  2347 ,קניות בית      ,22/03/2024  ,סופר פארם הדר גנים פ    ,67.38          ,                                            ,                  ,
  2347 ,קניות בית      ,22/03/2024  ,אליהו דגים              ,86.00          ,                                            ,                  ,
  2347 ,עמלות          ,22/03/2024  ,פועלים- דמי כרטיס       ,6.74           ,                                            ,                  ,
667127 ,משיכת מזומן    ,22/03/2024  ,משיכה מבנקט             ," 5,005.90 "   ,                                            ,                  ,
  2347 ,תם             ,23/03/2024  ,העברה בBIT              ,78.00          ,                                            ,                  ,
  7524 ,בזבוזים        ,23/03/2024  ,פיצה USA                ,75.00          ,                                            ,                  ,
  7524 ,חשבונות        ,25/03/2024  ,כפר סירקין              ," 1,004.00 "   ,                                            ,                  ,
  7524 ,תם             ,25/03/2024  ,GETT                    ,114.80         ,                                            ,                  ,
  7524 ,בזבוזים        ,25/03/2024  ,פיצה USA                ,75.00          ,                                            ,                  ,
  7524 ,קניות בית      ,25/03/2024  ,ניצת הדובדבן תל מונד    ,291.49         ,                                            ,                  ,
  7524 ,תוכנה וחומרה   ,25/03/2024  ,GITHUB  INC             ,36.00          ,                                            ,                  ,
667127 ,בריאות         ,25/03/2024  ,העב' לאחר-נייד          ,330.00         ,לטובת: צילה אבני עבור: צי קונג באהבה        ,צילה אבני         ,צי קונג באהבה
  2347 ,קניות בית      ,26/03/2024  ,שוק קט כפר סירקין       ,503.00         ,                                            ,                  ,
  7524 ,חשבונות        ,26/03/2024  ,CELLO                   ,96.80          ,                                            ,                  ,
  7524 ,חשבונות        ,26/03/2024  ,פנגו חשבונית חודשית     ,18.30          ,                                            ,                  ,
  7524 ,קניות בית      ,26/03/2024  ,כיף לחיות הוד השרון     ,417.60         ,                                            ,                  ,
  7524 ,בזבוזים        ,26/03/2024  ,WOLT                    ,79.00          ,                                            ,                  ,
  7524 ,בזבוזים        ,26/03/2024  ,WOLT                    ,280.00         ,                                            ,                  ,
  7524 ,חשבונות        ,26/03/2024  ,SPOTIFY                 ,29.90          ,                                            ,                  ,
  2347 ,קניות בית      ,27/03/2024  ,מקס בארות יצחק          ,75.20          ,                                            ,                  ,
  2347 ,קניות בית      ,27/03/2024  ,חומרי בנין  פרחי-צמר    ,140.00         ,                                            ,                  ,
  2347 ,קניות בית      ,27/03/2024  ,שוק קט כפר סירקין       ,18.00          ,                                            ,                  ,
  7524 ,קניות בית      ,27/03/2024  ,"היפר מור בע""מ-גמא"    ,98.10          ,                                            ,                  ,
  7524 ,ביטוח          ,27/03/2024  ,הפניקס ביטוח            ,810.00         ,                                            ,                  ,
  7524 ,מתנות ותרומות  ,27/03/2024  ,שקוף - העין השביעית     ,18.00          ,                                            ,                  ,
667127 ,תם             ,27/03/2024  ,טעינת כרטיס             ,100.00         ,                                            ,                  ,
667127 ,תם             ,27/03/2024  ,טעינת כרטיס             ,200.00         ,                                            ,                  ,
  2347 ,לא לסכימה      ,28/03/2024  ,"העברה ב BIT בנה""פ"    ,320.00         ,                                            ,                  ,
  2347 ,בריאות         ,28/03/2024  ,אופטיגד - עמיר גד       ," 1,080.00 "   ,                                            ,                  ,
  2347 ,תם             ,28/03/2024  ,העברה בBIT              ,65.00          ,                                            ,                  ,
  7524 ,ביטוח          ,28/03/2024  ,הראל ביטוח חיים         ,531.53         ,                                            ,                  ,
  7524 ,בזבוזים        ,28/03/2024  ,WOLT                    ,76.00          ,                                            ,                  ,
667127 ,לא לסכימה      ,28/03/2024  ,ישראכרט                 ,29.90          ,                                            ,                  ,
  2347 ,מתנות ותרומות  ,29/03/2024  ,פרחים בכרם              ,140.00         ,                                            ,                  ,
  2347 ,בזבוזים        ,29/03/2024  ,בארקה                   ,47.28          ,                                            ,                  ,
  7524 ,קניות בית      ,29/03/2024  ,מעדניה שלום             ,39.00          ,                                            ,                  ,
  7524 ,קניות בית      ,29/03/2024  ,מאפיית הדגנים           ,46.00          ,                                            ,                  ,
  7524 ,קניות בית      ,29/03/2024  ,צמרת-שפע פירות וירקו    ,156.90         ,                                            ,                  ,
  7524 ,קניות בית      ,29/03/2024  ,בשר איכות               ,186.00         ,                                            ,                  ,
  7524 ,קניות בית      ,29/03/2024  ,שוק קט כפר סירקין       ,95.80          ,                                            ,                  ,
  2347 ,קניות בית      ,30/03/2024  ,שפט דיזיין בעמ - במב    ," 1,626.69 "   ,כיסאות                                      ,                  ,
  2347 ,קניות בית      ,30/03/2024  ,ליד הצריף               ,309.00         ,מפה                                         ,                  ,
  2347 ,קניות בית      ,30/03/2024  ,עברית חנות ספרים  20    ,33.00          ,                                            ,                  ,
  7524 ,בזבוזים        ,30/03/2024  ,קפה נאפו                ," 1,462.00 "   ,                                            ,                  ,
  2347 ,תם             ,31/03/2024  ,העברה בBIT              ,20.00          ,                                            ,                  ,
  7524 ,חשבונות        ,31/03/2024  ,מ.א דרום השרון ארנונ    ," 1,930.10 "   ,                                            ,                  ,
  7524 ,בזבוזים        ,31/03/2024  ,WOLT                    ,123.00         ,                                            ,                  ,
667127 ,משיכת מזומן    ,31/03/2024  ,משיכה מבנקט             ,206.90         ,                                            ,                  ,
667127 ,תם             ,31/03/2024  ,טעינת כרטיס             ,500.00         ,                                            ,                  ,
  2347 ,מתנות ותרומות  ,01/04/2024  ,"לובי 99 בע""מ חלצ"     ,180            ,                                            ,                  ,
  7524 ,קניות בית      ,01/04/2024  ,המעדניה                 ,238            ,                                            ,                  ,
  7524 ,קניות בית      ,01/04/2024  ,שוק קט כפר סירקין       ,63.7           ,                                            ,                  ,
  7524 ,בזבוזים        ,01/04/2024  ,סיטי מרקט עין גנים ב    ,9.9            ,                                            ,                  ,
  7524 ,קניות בית      ,02/04/2024  ,אליהו דגים              ,324            ,                                            ,                  ,
  7524 ,בזבוזים        ,02/04/2024  ,מסעדת NONO              ,300            ,                                            ,                  ,
  7524 ,תוכנה וחומרה   ,02/04/2024  ,NOTION LABS  INC        ,38             ,                                            ,                  ,
667127 ,עמלות          ,02/04/2024  ,אמריקן אקספרס           ,11.14          ,                                            ,                  ,
667127 ,עמלות          ,02/04/2024  ,אמריקן אקספרס           ,11.14          ,                                            ,                  ,
667127 ,חשבונות        ,02/04/2024  ,קוורטט ניהול ע          ,"4,504.50"     ,                                            ,                  ,
667127 ,לא לסכימה      ,02/04/2024  ,ישראכרט                 ,"14,197.94"    ,                                            ,                  ,
667127 ,לא לסכימה      ,02/04/2024  ,ישראכרט                 ,"31,393.23"    ,                                            ,                  ,
  2347 ,בזבוזים        ,03/04/2024  ,"בכור את שושי בע""מ"    ,134            ,                                            ,                  ,
  7524 ,ביטוח          ,03/04/2024  ,קרן מכבי- חיוב          ,663.95         ,                                            ,                  ,
  7524 ,קניות בית      ,03/04/2024  ,טבע הגליל - קוסמטיקה    ,57             ,                                            ,                  ,
  7524 ,קניות בית      ,03/04/2024  ,שוק קט כפר סירקין       ,84.2           ,                                            ,                  ,
  7524 ,ביטוח          ,03/04/2024  ,הראל ביטוח חיים         ,348.67         ,                                            ,                  ,
  7524 ,בזבוזים        ,03/04/2024  ,WOLT                    ,226            ,                                            ,                  ,
667127 ,עמלות          ,03/04/2024  ,ע.מפעולות-ישיר          ,35.00          ,                                            ,                  ,
  7524 ,בזבוזים        ,04/04/2024  ,WOLT                    ,237            ,                                            ,                  ,
  2347 ,ביגוד          ,05/04/2024  ,PAYBOX                  ,300            ,                                            ,                  ,
  2347 ,ביגוד          ,05/04/2024  ,העברה בBIT              ,50             ,                                            ,                  ,
  2347 ,ביגוד          ,05/04/2024  ,העברה בBIT              ,60             ,                                            ,                  ,
  2347 ,ביגוד          ,05/04/2024  ,העברה בBIT              ,130            ,                                            ,                  ,
  2347 ,ביגוד          ,05/04/2024  ,העברה בBIT              ,85             ,                                            ,                  ,
  2347 ,ביגוד          ,05/04/2024  ,"העברה ב BIT בנה""פ"    ,200            ,                                            ,                  ,
  2347 ,ביגוד          ,05/04/2024  ,"העברה ב BIT בנה""פ"    ,50             ,                                            ,                  ,
  2347 ,ביגוד          ,05/04/2024  ,"העברה ב BIT בנה""פ"    ,120            ,                                            ,                  ,
  2347 ,ביגוד          ,05/04/2024  ,PAYBOX                  ,230            ,                                            ,                  ,
  2347 ,רכב ותחבורה    ,05/04/2024  ,"סנטרל פארק בע""מ- אפל" ,34             ,                                            ,                  ,
  2347 ,קניות בית      ,05/04/2024  ,שוק קט כפר סירקין       ,240.81         ,                                            ,                  ,
  7524 ,רכב ותחבורה    ,05/04/2024  ,חניון פלורנטין          ,30             ,                                            ,                  ,
  7524 ,רכב ותחבורה    ,05/04/2024  ,"סנטרל פארק בע""מ- אפל" ,10             ,                                            ,                  ,
  7524 ,בזבוזים        ,05/04/2024  ,"אנאגו בע""מ -אונמי"    ,1650           ,                                            ,                  ,
  7524 ,בזבוזים        ,05/04/2024  ,"טוני ואסתר בע""מ"      ,34             ,                                            ,                  ,
  7524 ,בזבוזים        ,05/04/2024  ,"טוני ואסתר בע""מ"      ,34             ,                                            ,                  ,
  7524 ,ביגוד          ,05/04/2024  ,AMZN MKTP US N78FT79    ,775            ,                                            ,                  ,
  7524 ,חשבונות        ,05/04/2024  ,APPLE COM BILL          ,33.9           ,                                            ,                  ,
667127 ,בית ספר        ,05/04/2024  ,"תמר וולדורף ע"""       ,187.00         ,                                            ,                  ,
667127 ,בריאות         ,05/04/2024  ,העב' לאחר-נייד          ,"1,200.00"     ,לטובת: גלית לב טוב                          ,                  ,
667127 ,משיכת מזומן    ,05/04/2024  ,משיכה מבנקט             ,"4,005.90"     ,                                            ,                  ,
  2347 ,קניות בית      ,06/04/2024  ,עברית חנות ספרים  20    ,29             ,                                            ,                  ,
  7524 ,חשבונות        ,06/04/2024  ,NETFLIX COM             ,69.9           ,                                            ,                  ,
  2347 ,קניות בית      ,07/04/2024  ,ברי פרי                 ,234            ,                                            ,                  ,
  7524 ,תם             ,07/04/2024  ,GETT                    ,49.3           ,                                            ,                  ,
  7524 ,תם             ,07/04/2024  ,GETT                    ,45             ,                                            ,                  ,
  7524 ,בזבוזים        ,07/04/2024  ,פיצה USA                ,75             ,                                            ,                  ,
  7524 ,בזבוזים        ,07/04/2024  ,WOLT                    ,96             ,                                            ,                  ,
  7524 ,חשבונות        ,07/04/2024  ,APPLE COM BILL          ,39.9           ,                                            ,                  ,
667127 ,לא לסכימה      ,07/04/2024  ,ישראכרט                 ,103.80         ,                                            ,                  ,
  2347 ,שונות          ,08/04/2024  ,"צורי ובניו בע""מ"      ,47             ,                                            ,                  ,
  7524 ,בזבוזים        ,08/04/2024  ,פיצה USA                ,75             ,                                            ,                  ,
  7524 ,בזבוזים        ,08/04/2024  ,סוויט נחלים             ,13             ,                                            ,                  ,
  7524 ,תוכנה וחומרה   ,08/04/2024  ,SPLICE COM  SOUNDS 1    ,30             ,                                            ,                  ,
  7524 ,תוכנה וחומרה   ,08/04/2024  ,PAYPAL  DIGITALRIVE     ,105            ,                                            ,                  ,
667127 ,לא לסכימה      ,08/04/2024  ,ישראכרט                 ,39.90          ,                                            ,                  ,
667127 ,לא לסכימה      ,08/04/2024  ,מטח-קניה                ,919.69         ,"  עבור: כיסוי חובה מט"""                   ,                  ,
667127 ,לא לסכימה      ,08/04/2024  ,הפקדה לפקדון            ,"14,387.41"    ,                                            ,                  ,
  7524 ,קניות בית      ,09/04/2024  ,"היפר מור בע""מ-גמא"    ,35.9           ,                                            ,                  ,
  7524 ,בזבוזים        ,09/04/2024  ,"סופר מחיר ש.ע בע""מ-צ" ,11.9           ,                                            ,                  ,
  7524 ,קניות בית      ,09/04/2024  ,שוק קט כפר סירקין       ,119.2          ,                                            ,                  ,
  7524 ,קניות בית      ,09/04/2024  ,ניצת הדובדבן הוד השר    ,341.55         ,                                            ,                  ,
667127 ,לא לסכימה      ,09/04/2024  ,הפקדה לפקדון            ,532.30         ,                                            ,                  ,
  7524 ,בזבוזים        ,10/04/2024  ,פיצה USA                ,75             ,                                            ,                  ,
667127 ,לא לסכימה      ,10/04/2024  ,ישראכרט                 ,105.00         ,                                            ,                  ,
  2347 ,בזבוזים        ,11/04/2024  ,החומוס של ג'ינג'י- א    ,86             ,                                            ,                  ,
667127 ,אמאי           ,11/04/2024  ,הוראת-קבע               ,400.00         ,לטובת: פרנקל אמאי עבור: 12-626-057185       ,                  ,
  7524 ,תם             ,12/04/2024  ,GETT                    ,71.8           ,                                            ,                  ,
  7524 ,בזבוזים        ,12/04/2024  ,"קפה נואר בע""מ"        ,989            ,                                            ,                  ,
  7524 ,רכב ותחבורה    ,12/04/2024  ,חניון רוטשילד 58        ,63             ,                                            ,                  ,
  7524 ,חשבונות        ,12/04/2024  ,ביטוח לאומי הוראות ק    ,198            ,                                            ,                  ,
  7524 ,חשבונות        ,12/04/2024  ,ביטוח לאומי הוראות ק    ,362            ,                                            ,                  ,
  2347 ,תם             ,14/04/2024  ,GETT                    ,54.1           ,                                            ,                  ,
  2347 ,בזבוזים        ,14/04/2024  ,פיצה USA                ,85             ,                                            ,                  ,
  7524 ,חשבונות        ,14/04/2024  ,חשמל בהוראת קבע דרום    ,1363.24        ,                                            ,                  ,
  7524 ,קניות בית      ,14/04/2024  ,"העברה ב BIT בנה""פ"    ,60             ,                                            ,                  ,
  7524 ,קניות בית      ,14/04/2024  ,שוק קט כפר סירקין       ,205            ,                                            ,                  ,
667127 ,משיכת מזומן    ,14/04/2024  ,משיכה מבנקט             ,606.90         ,                                            ,                  ,
  7524 ,קניות בית      ,15/04/2024  ,בגדדי שאול וארז         ,92.5           ,                                            ,                  ,
  7524 ,קניות בית      ,15/04/2024  ,המעדניה                 ,202            ,                                            ,                  ,
  7524 ,קניות בית      ,15/04/2024  ,ניצת הדובדבן תל מונד    ,434.82         ,                                            ,                  ,
  7524 ,קניות בית      ,15/04/2024  ,שוק קט כפר סירקין       ,10.9           ,                                            ,                  ,
  7524 ,בזבוזים        ,15/04/2024  ,WOLT                    ,166            ,                                            ,                  ,
667127 ,משיכת מזומן    ,15/04/2024  ,משיכה מבנקט             ,"4,006.50"     ,                                            ,                  ,
667127 ,חשבונות        ,15/04/2024  ,פועלים-משכנתא           ,"8,798.47"     ,                                            ,                  ,
  2347 ,חופשות ונסיעות ,16/04/2024  ,AIRBNB   HMRNNX5C9A     ,862.93         ,                                            ,                  ,
  2347 ,קניות בית      ,16/04/2024  ,שוק קט כפר סירקין       ,61.91          ,                                            ,                  ,
  2347 ,קניות בית      ,16/04/2024  ,עברית חנות ספרים  20    ,29             ,                                            ,                  ,
  7524 ,קניות בית      ,16/04/2024  ,צמרת-שפע פירות וירקו    ,32.3           ,                                            ,                  ,
  7524 ,בזבוזים        ,16/04/2024  ,WOLT                    ,76             ,                                            ,                  ,
  7524 ,קניות בית      ,16/04/2024  ,בשר איכות               ,1340           ,                                            ,                  ,
  7524 ,קניות בית      ,16/04/2024  ,אליהו דגים              ,188            ,                                            ,                  ,
  7524 ,חשבונות        ,16/04/2024  ,APPLE COM BILL          ,39.9           ,                                            ,                  ,
667127 ,תם             ,16/04/2024  ,טעינת כרטיס             ,100.00         ,                                            ,                  ,
  7524 ,בזבוזים        ,17/04/2024  ,"סופר מחיר ש.ע בע""מ-צ" ,41.67          ,                                            ,                  ,
  7524 ,חוגים          ,17/04/2024  ,"קאנטרי מתנ""ס עמישב"   ,249            ,                                            ,                  ,
  7524 ,בזבוזים        ,17/04/2024  ,WOLT                    ,180            ,                                            ,                  ,
667127 ,לא לסכימה      ,17/04/2024  ,ישראכרט                 ,862.93         ,                                            ,                  ,
  7524 ,תם             ,18/04/2024  ,GETT                    ,71.6           ,                                            ,                  ,
  7524 ,תם             ,18/04/2024  ,GETT                    ,12             ,                                            ,                  ,
  7524 ,קניות בית      ,18/04/2024  ,שוק קט כפר סירקין       ,80.5           ,                                            ,                  ,
667127 ,לא לסכימה      ,18/04/2024  ,ישראכרט                 ,39.90          ,                                            ,                  ,
667127 ,תם             ,18/04/2024  ,טעינת כרטיס             ,400.00         ,                                            ,                  ,
  7524 ,רכב ותחבורה    ,19/04/2024  ,צמיגי שבתאי             ,924            ,                                            ,                  ,
  7524 ,בזבוזים        ,19/04/2024  ,WOLT                    ,199            ,                                            ,                  ,
  7524 ,בזבוזים        ,19/04/2024  ,מסעדת NONO              ,400            ,                                            ,                  ,
667127 ,תם             ,19/04/2024  ,טעינת כרטיס             ,260.00         ,                                            ,                  ,
  7524 ,ביטוח          ,20/04/2024  ,מגדל חיים/בריאות        ,69.99          ,                                            ,                  ,
  7524 ,ביטוח          ,20/04/2024  ,מגדל חיים/בריאות        ,21.16          ,                                            ,                  ,
  7524 ,ביטוח          ,20/04/2024  ,מגדל חיים/בריאות        ,76.07          ,                                            ,                  ,
  7524 ,ביטוח          ,20/04/2024  ,מגדל חיים/בריאות        ,498.09         ,                                            ,                  ,
  7524 ,ביטוח          ,20/04/2024  ,מגדל חיים/בריאות        ,47.61          ,                                            ,                  ,
  7524 ,ביטוח          ,20/04/2024  ,מגדל חיים/בריאות        ,59.91          ,                                            ,                  ,
  7524 ,ביטוח          ,20/04/2024  ,מגדל חיים/בריאות        ,59.91          ,                                            ,                  ,
  7524 ,ביטוח          ,20/04/2024  ,מגדל חיים/בריאות        ,22.76          ,                                            ,                  ,
  7524 ,ביטוח          ,20/04/2024  ,מגדל חיים/בריאות        ,221.21         ,                                            ,                  ,
  7524 ,ביטוח          ,20/04/2024  ,מגדל חיים/בריאות        ,709.14         ,                                            ,                  ,
  7524 ,ביטוח          ,20/04/2024  ,מגדל חיים/בריאות        ,161.33         ,                                            ,                  ,
  7524 ,חשבונות        ,20/04/2024  ,בזק הוראת קבע           ,194.65         ,                                            ,                  ,
  7524 ,בזבוזים        ,20/04/2024  ,WOLT                    ,-49            ,זיכוי                                       ,                  ,
  2347 ,בזבוזים        ,21/04/2024  ,בבקה הבימה              ,97             ,                                            ,                  ,
  2347 ,מתנות ותרומות  ,21/04/2024  ,העברה בBIT              ,120            ,                                            ,                  ,
  2347 ,רכב ותחבורה    ,21/04/2024  ,דרך ארץ הוראת קבע       ,238.73         ,                                            ,                  ,
  2347 ,בזבוזים        ,21/04/2024  ,קפה נחמה                ,108            ,                                            ,                  ,
  2347 ,רכב ותחבורה    ,21/04/2024  ,אחוזות החוף - חניון     ,80             ,                                            ,                  ,
  7524 ,חשבונות        ,21/04/2024  ,HOT MOBILE              ,195.92         ,                                            ,                  ,
  7524 ,רכב ותחבורה    ,21/04/2024  ,דרך ארץ הוראת קבע       ,71.85          ,                                            ,                  ,
  2347 ,ביגוד          ,22/04/2024  ,ג?דיד וינטאג?           ,500            ,                                            ,                  ,
  2347 ,בזבוזים        ,22/04/2024  ,טשרניחובסקי 6           ,1900           ,                                            ,                  ,
  7524 ,קניות בית      ,22/04/2024  ,שוק קט כפר סירקין       ,196            ,                                            ,                  ,
  7524 ,בזבוזים        ,22/04/2024  ,"טוני ואסתר בע""מ"      ,265            ,                                            ,                  ,
  2347 ,קניות בית      ,23/04/2024  ,עברית חנות ספרים  20    ,29             ,                                            ,                  ,
  2347 ,קניות בית      ,23/04/2024  ,עברית חנות ספרים  20    ,29             ,                                            ,                  ,
  7524 ,בזבוזים        ,23/04/2024  ,אלוף בצלות              ,28             ,                                            ,                  ,
  7524 ,בזבוזים        ,23/04/2024  ,קפה נורדוי              ,79             ,                                            ,                  ,
  7524 ,בזבוזים        ,23/04/2024  ,קפה נורדוי              ,119            ,                                            ,                  ,
  7524 ,בזבוזים        ,23/04/2024  ,הרצל 16 / דיסקו טוקי    ,300            ,                                            ,                  ,
  2347 ,בריאות         ,24/04/2024  ,אי סי תפקודי ראיה בע    ,2450           ,תשלום 1  מתוך 2                             ,                  ,
  2347 ,בריאות         ,24/04/2024  ,אי סי תפקודי ראיה בע    ,2450           ,תשלום 2  מתוך 2                             ,                  ,
  2347 ,קניות בית      ,24/04/2024  ,עברית חנות ספרים  20    ,46.27          ,                                            ,                  ,
  7524 ,תם             ,24/04/2024  ,GETT                    ,90.9           ,                                            ,                  ,
  7524 ,קניות בית      ,24/04/2024  ,שוק קט כפר סירקין       ,98.2           ,                                            ,                  ,
667127 ,תם             ,24/04/2024  ,טעינת כרטיס             ,100.00         ,                                            ,                  ,
  2347 ,תם             ,25/04/2024  ,העברה בBIT              ,40             ,                                            ,                  ,
  2347 ,ביגוד          ,25/04/2024  ,שופרא שרונים            ,207.33         ,                                            ,                  ,
  7524 ,קניות בית      ,25/04/2024  ,בגדדי שאול וארז         ,113.8          ,                                            ,                  ,
  7524 ,קניות בית      ,25/04/2024  ,המעדניה                 ,111            ,                                            ,                  ,
  7524 ,קניות בית      ,25/04/2024  ,בר המשקאות              ,195            ,                                            ,                  ,
  7524 ,קניות בית      ,25/04/2024  ,שוק קט כפר סירקין       ,51.8           ,                                            ,                  ,
  7524 ,שונות          ,25/04/2024  ,הופטמן את אברהם יזמו    ,13             ,                                            ,                  ,
  7524 ,קניות בית      ,25/04/2024  ,ניצת הדובדבן הוד השר    ,142.91         ,                                            ,                  ,
  7524 ,קניות בית      ,25/04/2024  ,משק רועים               ,174.75         ,                                            ,                  ,
  7524 ,תוכנה וחומרה   ,25/04/2024  ,GITHUB  INC             ,38             ,                                            ,                  ,
  2347 ,תם             ,26/04/2024  ,GETT                    ,167.4          ,                                            ,                  ,
  2347 ,קניות בית      ,26/04/2024  ,עברית חנות ספרים  20    ,29             ,                                            ,                  ,
  7524 ,תם             ,26/04/2024  ,GETT                    ,12             ,                                            ,                  ,
  7524 ,תם             ,26/04/2024  ,GETT                    ,12             ,                                            ,                  ,
  7524 ,תם             ,26/04/2024  ,GETT                    ,101.7          ,                                            ,                  ,
  7524 ,ביטוח          ,26/04/2024  ,הפניקס ביטוח            ,810            ,                                            ,                  ,
  7524 ,חשבונות        ,26/04/2024  ,פנגו חשבונית חודשית     ,102.43         ,                                            ,                  ,
  7524 ,קניות בית      ,26/04/2024  ,שוק קט כפר סירקין       ,35.5           ,                                            ,                  ,
  7524 ,קניות בית      ,26/04/2024  ,AMAZON PRIME 963VR6X    ,55             ,                                            ,                  ,
  7524 ,חשבונות        ,26/04/2024  ,SPOTIFY                 ,29.9           ,                                            ,                  ,
667127 ,בריאות         ,26/04/2024  ,העב' לאחר-נייד          ,330.00         ,לטובת: צילה אבני עבור: ציקונג               ,                  ,
  7524 ,תם             ,27/04/2024  ,GETT                    ,86.4           ,                                            ,                  ,
  7524 ,מתנות ותרומות  ,27/04/2024  ,שקוף - העין השביעית     ,18             ,                                            ,                  ,
  7524 ,קניות בית      ,27/04/2024  ,AMAZON PRIME V627366    ,45             ,                                            ,                  ,
  7524 ,קניות בית      ,28/04/2024  ,שוק קט כפר סירקין       ,163.3          ,                                            ,                  ,
  7524 ,ביטוח          ,28/04/2024  ,הראל ביטוח חיים         ,534.54         ,                                            ,                  ,
667127 ,לא לסכימה      ,28/04/2024  ,ישראכרט                 ,29.90          ,                                            ,                  ,
667127 ,תם             ,28/04/2024  ,טעינת כרטיס             ,200.00         ,                                            ,                  ,
  7524 ,בזבוזים        ,29/04/2024  ,WOLT                    ,150            ,                                            ,                  ,
  7524 ,חשבונות        ,30/04/2024  ,מ.א דרום השרון ארנונ    ,1930.1         ,                                            ,                  ,
  7524 ,קניות בית      ,30/04/2024  ,AMZN MKTP US I86XB5U    ,150            ,                                            ,                  ,
  7524 ,קניות בית      ,30/04/2024  ,AMAZON PRIME YU1N09R    ,38             ,                                            ,                  ,
  2347 ,בזבוזים        ,01/05/2024  ,פיצה USA                ,95             ,                                            ,                  ,
  2347 ,קניות בית      ,01/05/2024  ,עברית חנות ספרים  20    ,29             ,                                            ,                  ,
  7524 ,רכב ותחבורה    ,01/05/2024  ,דני סמרלי הוד השרון     ,1989           ,                                            ,                  ,
  7524 ,קניות בית      ,01/05/2024  ,צמרת-שפע פירות וירקו    ,178            ,                                            ,                  ,
  7524 ,קניות בית      ,01/05/2024  ,שוק קט כפר סירקין       ,300            ,                                            ,                  ,
  7524 ,קניות בית      ,01/05/2024  ,ניצת הדובדבן הוד השר    ,120.13         ,                                            ,                  ,
  7524 ,בזבוזים        ,01/05/2024  ,WOLT                    ,134            ,                                            ,                  ,
667127 ,אמאי           ,01/05/2024  ,העב' לאחר-נייד          ,510.00         ,לטובת: פרנקל אמאי                           ,                  ,
667127 ,לא לסכימה      ,01/05/2024  ,הפקדה לפקדון            ,"11,490.00"    ,                                            ,                  ,
  2347 ,בריאות         ,02/05/2024  ,תמרהינדי                ,249.5          ,                                            ,                  ,
  7524 ,ביטוח          ,02/05/2024  ,קרן מכבי- חיוב          ,624.98         ,                                            ,                  ,
  7524 ,קניות בית      ,02/05/2024  ,אליהו דגים              ,1000           ,                                            ,                  ,
  7524 ,תוכנה וחומרה   ,02/05/2024  ,NOTION LABS  INC        ,38             ,                                            ,                  ,
667127 ,עמלות          ,02/05/2024  ,אמריקן אקספרס           ,11.14          ,                                            ,                  ,
667127 ,עמלות          ,02/05/2024  ,אמריקן אקספרס           ,11.14          ,                                            ,                  ,
667127 ,לא לסכימה      ,02/05/2024  ,מטח-קניה                ,243.50         ,                                            ,                  ,
667127 ,לא לסכימה      ,02/05/2024  ,ישראכרט                 ,"8,481.55"     ,                                            ,                  ,
667127 ,לא לסכימה      ,02/05/2024  ,ישראכרט                 ,"22,520.53"    ,                                            ,                  ,
  2347 ,קניות בית      ,03/05/2024  ,עברית חנות ספרים  20    ,29             ,                                            ,                  ,
  2347 ,בזבוזים        ,03/05/2024  ,מימי ספורטן             ,47             ,                                            ,                  ,
  7524 ,קניות בית      ,03/05/2024  ,שוק קט כפר סירקין       ,54.92          ,                                            ,                  ,
  7524 ,ביטוח          ,03/05/2024  ,הראל ביטוח חיים         ,350.64         ,                                            ,                  ,
  7524 ,בזבוזים        ,03/05/2024  ,מסעדת NONO              ,220            ,                                            ,                  ,
667127 ,עמלות          ,03/05/2024  ,ע.מפעולות-ישיר          ,36.75          ,                                            ,                  ,
  2347 ,בריאות         ,04/05/2024  ,PAYPAL  NTWRLYYN        ,299.7          ,                                            ,                  ,
  7524 ,קניות בית      ,04/05/2024  ,AMAZON PRIME JB7IS5B    ,40             ,                                            ,                  ,
  2347 ,רכב ותחבורה    ,05/05/2024  ,מ. התחבורה ר.רכב        ,567            ,                                            ,                  ,
  7524 ,קניות בית      ,05/05/2024  ,שוק קט כפר סירקין       ,200            ,                                            ,                  ,
  7524 ,חשבונות        ,05/05/2024  ,APPLE COM BILL          ,33.9           ,                                            ,                  ,
667127 ,בית ספר        ,05/05/2024  ,"תמר וולדורף ע"""       ,187.00         ,                                            ,                  ,
  2347 ,קניות בית      ,06/05/2024  ,עברית חנות ספרים  20    ,34.69          ,                                            ,                  ,
  7524 ,חשבונות        ,06/05/2024  ,נטוויז'ן-סלקום          ,3.9            ,                                            ,                  ,
  7524 ,חשבונות        ,06/05/2024  ,NETFLIX COM             ,69.9           ,                                            ,                  ,
  2347 ,בזבוזים        ,07/05/2024  ,פיצה USA                ,85             ,                                            ,                  ,
  7524 ,בזבוזים        ,07/05/2024  ,WOLT                    ,293            ,                                            ,                  ,
  7524 ,בזבוזים        ,07/05/2024  ,WOLT                    ,-56            ,זיכוי                                       ,                  ,
  7524 ,חשבונות        ,07/05/2024  ,APPLE COM BILL          ,39.9           ,                                            ,                  ,
667127 ,לא לסכימה      ,07/05/2024  ,ישראכרט                 ,103.80         ,                                            ,                  ,
667127 ,לא לסכימה      ,07/05/2024  ,ישראכרט                 ,299.70         ,                                            ,                  ,
  2347 ,קניות בית      ,08/05/2024  ,עברית חנות ספרים  20    ,32.27          ,                                            ,                  ,
  7524 ,בזבוזים        ,08/05/2024  ,WOLT                    ,142            ,                                            ,                  ,
  7524 ,תוכנה וחומרה   ,08/05/2024  ,SPLICE COM  SOUNDS 1    ,28             ,                                            ,                  ,
  7524 ,חשבונות        ,08/05/2024  ,PAYPAL  DIGITALRIVE     ,105            ,                                            ,                  ,
667127 ,לא לסכימה      ,08/05/2024  ,ישראכרט                 ,39.90          ,                                            ,                  ,
  2347 ,בית ספר        ,09/05/2024  ,עירית הוד השרון         ,3500           ,                                            ,                  ,
  2347 ,קניות בית      ,09/05/2024  ,עברית חנות ספרים  20    ,42.39          ,                                            ,                  ,
  2347 ,קניות בית      ,09/05/2024  ,עברית חנות ספרים  20    ,33             ,                                            ,                  ,
  2347 ,קניות בית      ,09/05/2024  ,שוק קט כפר סירקין       ,375            ,                                            ,                  ,
  7524 ,קניות בית      ,09/05/2024  ,צמרת-שפע פירות וירקו    ,240            ,                                            ,                  ,
  7524 ,קניות בית      ,09/05/2024  ,ניצת הדובדבן פתח תקו    ,186.53         ,                                            ,                  ,
667127 ,תם             ,09/05/2024  ,טעינת כרטיס             ,200.00         ,                                            ,                  ,
667127 ,חשבונות        ,09/05/2024  ,ארבע עונות סוכ          ,"4,446.00"     ,                                            ,                  ,
667127 ,לא לסכימה      ,09/05/2024  ,הפקדה לפקדון            ,"10,464.00"    ,                                            ,                  ,
  2347 ,קניות בית      ,10/05/2024  ,עברית חנות ספרים  20    ,33             ,                                            ,                  ,
  7524 ,רכב ותחבורה    ,10/05/2024  ,העברה בBIT              ,50             ,                                            ,                  ,
  7524 ,בזבוזים        ,10/05/2024  ,בר יין הלנה             ,550            ,                                            ,                  ,
  7524 ,קניות בית      ,10/05/2024  ,שוק קט כפר סירקין       ,153            ,                                            ,                  ,
667127 ,אמאי           ,10/05/2024  ,הוראת-קבע               ,400.00         ,לטובת: פרנקל אמאי עבור: 12-626-057185       ,                  ,
667127 ,לא לסכימה      ,10/05/2024  ,העברה-נייד              ,"1,540.00"     ,לטובת: פרנקל תם עבור: נונו ובחירות          ,                  ,
  2347 ,קניות בית      ,11/05/2024  ,עברית חנות ספרים  20    ,45.88          ,                                            ,                  ,
  7524 ,בזבוזים        ,11/05/2024  ,WOLT                    ,118            ,                                            ,                  ,
  2347 ,רכב ותחבורה    ,12/05/2024  ,מקוה ישראל              ,35             ,                                            ,                  ,
  2347 ,תם             ,12/05/2024  ,העברה בBIT              ,12             ,                                            ,                  ,
  2347 ,קניות בית      ,12/05/2024  ,עברית חנות ספרים  20    ,45.71          ,                                            ,                  ,
  2347 ,בזבוזים        ,12/05/2024  ,cafe mikva 2020 ltd     ,154            ,                                            ,                  ,
  7524 ,חשבונות        ,12/05/2024  ,חשמל בהוראת קבע דרום    ,333.74         ,                                            ,                  ,
  7524 ,בריאות         ,12/05/2024  ,"ויטמינס פור אול בע""מ" ,278            ,                                            ,                  ,
  7524 ,קניות בית      ,12/05/2024  ,AMAZON PRIME ZF6WL3A    ,40             ,                                            ,                  ,
667127 ,לא לסכימה      ,12/05/2024  ,ישראכרט                 ,105.00         ,                                            ,                  ,
  2347 ,בזבוזים        ,13/05/2024  ,הזולה של בננה           ,57.9           ,                                            ,                  ,
  2347 ,בזבוזים        ,13/05/2024  ,"פז YELLOW פ""ת צ"      ,107.8          ,                                            ,                  ,
  2347 ,בזבוזים        ,13/05/2024  ,"פז YELLOW פ""ת צ"      ,15             ,                                            ,                  ,
  2347 ,קניות בית      ,13/05/2024  ,שוק קט כפר סירקין       ,246.5          ,                                            ,                  ,
  2347 ,קניות בית      ,13/05/2024  ,PAYPAL  ZWRZYGDWNSP     ,167            ,                                            ,                  ,
  2347 ,בזבוזים        ,15/05/2024  ,WOLT                    ,349            ,                                            ,                  ,
  7524 ,חשבונות        ,15/05/2024  ,HOT MOBILE              ,-66            ,זיכוי                                       ,                  ,
  7524 ,חשבונות        ,15/05/2024  ,ביטוח לאומי הוראות ק    ,198            ,                                            ,                  ,
667127 ,תם             ,15/05/2024  ,טעינת כרטיס             ,100.00         ,                                            ,                  ,
667127 ,משיכת מזומן    ,15/05/2024  ,משיכה מבנקט             ,"1,506.50"     ,                                            ,                  ,
667127 ,חשבונות        ,15/05/2024  ,פועלים-משכנתא           ,"8,813.40"     ,                                            ,                  ,
  2347 ,קניות בית      ,16/05/2024  ,שוק קט כפר סירקין       ,166            ,                                            ,                  ,
  7524 ,חשבונות        ,16/05/2024  ,ביטוח לאומי הוראות ק    ,362            ,                                            ,                  ,
  7524 ,קניות בית      ,16/05/2024  ,"דר' פון פיקס בע""מ-צמ" ,80             ,                                            ,                  ,
  7524 ,חוגים          ,16/05/2024  ,"קאנטרי מתנ""ס עמישב"   ,249            ,                                            ,                  ,
  7524 ,בזבוזים        ,16/05/2024  ,WOLT                    ,104            ,                                            ,                  ,
  7524 ,חשבונות        ,16/05/2024  ,APPLE COM BILL          ,39.9           ,                                            ,                  ,
667127 ,לא לסכימה      ,16/05/2024  ,ישראכרט                 ,167.00         ,                                            ,                  ,
667127 ,לא לסכימה      ,16/05/2024  ,מטח-קניה                ,184.96         ,"  עבור: כיסוי חובה מט"""                   ,                  ,
  2347 ,שונות          ,17/05/2024  ,עולם על גלגלים          ,389            ,                                            ,                  ,
  2347 ,קניות בית      ,17/05/2024  ,עברית חנות ספרים  20    ,41.71          ,                                            ,                  ,
  2347 ,קניות בית      ,17/05/2024  ,שוק קט כפר סירקין       ,124.2          ,                                            ,                  ,
  7524 ,קניות בית      ,17/05/2024  ,בגדדי שאול וארז         ,172.2          ,                                            ,                  ,
  7524 ,קניות בית      ,17/05/2024  ,המעדניה                 ,122.6          ,                                            ,                  ,
  7524 ,קניות בית      ,17/05/2024  ,ניצת הדובדבן הוד השר    ,160.51         ,                                            ,                  ,
  7524 ,קניות בית      ,17/05/2024  ,משק רועים               ,395.8          ,                                            ,                  ,
  7524 ,בזבוזים        ,17/05/2024  ,מסעדת NONO              ,420            ,                                            ,                  ,
667127 ,תם             ,17/05/2024  ,טעינת כרטיס             ,200.00         ,                                            ,                  ,
  2347 ,בזבוזים        ,18/05/2024  ,מסעדת מנטה ריי          ,1000           ,                                            ,                  ,
  7524 ,קניות בית      ,19/05/2024  ,"העברה ב BIT בנה""פ"    ,60             ,                                            ,                  ,
667127 ,לא לסכימה      ,19/05/2024  ,ישראכרט                 ,39.90          ,                                            ,                  ,
667127 ,אמאי           ,19/05/2024  ,העב' לאחר-נייד          ,150.00         ,לטובת: פרנקל אמאי                           ,                  ,
  2347 ,קניות בית      ,20/05/2024  ,עברית חנות ספרים  20    ,72.91          ,                                            ,                  ,
  7524 ,חשבונות        ,20/05/2024  ,בזק הוראת קבע           ,195.12         ,                                            ,                  ,
  7524 ,קניות בית      ,20/05/2024  ,"היפר מור בע""מ-גמא"    ,49.2           ,                                            ,                  ,
667127 ,משיכת מזומן    ,20/05/2024  ,משיכה מבנקט             ,"4,006.50"     ,                                            ,                  ,
667127 ,קניות בית      ,20/05/2024  ,העב' לאחר-נייד          ,"4,950.00"     ,לטובת: לה זולה עבור: הזמנה 3940 ריהוט גן    ,                  ,
  2347 ,תם             ,21/05/2024  ,העברה בBIT              ,40             ,                                            ,                  ,
  2347 ,רכב ותחבורה    ,21/05/2024  ,דרך ארץ הוראת קבע       ,14.57          ,                                            ,                  ,
  2347 ,בזבוזים        ,21/05/2024  ,פיצה USA                ,85             ,                                            ,                  ,
  7524 ,חשבונות        ,21/05/2024  ,HOT MOBILE              ,182.03         ,                                            ,                  ,
  7524 ,ביטוח          ,21/05/2024  ,מגדל חיים/בריאות        ,70.58          ,                                            ,                  ,
  7524 ,ביטוח          ,21/05/2024  ,מגדל חיים/בריאות        ,715.16         ,                                            ,                  ,
  7524 ,ביטוח          ,21/05/2024  ,מגדל חיים/בריאות        ,223.09         ,                                            ,                  ,
  7524 ,ביטוח          ,21/05/2024  ,מגדל חיים/בריאות        ,60.42          ,                                            ,                  ,
  7524 ,ביטוח          ,21/05/2024  ,מגדל חיים/בריאות        ,76.72          ,                                            ,                  ,
  7524 ,ביטוח          ,21/05/2024  ,מגדל חיים/בריאות        ,21.34          ,                                            ,                  ,
  7524 ,ביטוח          ,21/05/2024  ,מגדל חיים/בריאות        ,22.96          ,                                            ,                  ,
  7524 ,ביטוח          ,21/05/2024  ,מגדל חיים/בריאות        ,60.42          ,                                            ,                  ,
  7524 ,ביטוח          ,21/05/2024  ,מגדל חיים/בריאות        ,48.02          ,                                            ,                  ,
  7524 ,ביטוח          ,21/05/2024  ,מגדל חיים/בריאות        ,502.32         ,                                            ,                  ,
  7524 ,ביטוח          ,21/05/2024  ,מגדל חיים/בריאות        ,162.24         ,                                            ,                  ,
  7524 ,רכב ותחבורה    ,21/05/2024  ,דרך ארץ הוראת קבע       ,14.57          ,                                            ,                  ,
  7524 ,קניות בית      ,21/05/2024  ,אליהו דגים              ,914            ,                                            ,                  ,
  7524 ,חשבונות        ,21/05/2024  ,כפר סירקין              ,2273           ,                                            ,                  ,
667127 ,תם             ,21/05/2024  ,טעינת כרטיס             ,400.00         ,                                            ,                  ,
  2347 ,שונות          ,22/05/2024  ,"גטאין בע""מ-פאיימי"    ,107.02         ,                                            ,                  ,
  7524 ,בזבוזים        ,22/05/2024  ,WOLT                    ,136            ,                                            ,                  ,
667127 ,תם             ,22/05/2024  ,טעינת כרטיס             ,200.00         ,                                            ,                  ,
  2347 ,עמלות          ,23/05/2024  ,פועלים- דמי כרטיס       ,6.74           ,"הנחה 6.74       ש""ח"                      ,                  ,
  2347 ,בזבוזים        ,23/05/2024  ,פיצה USA                ,85             ,                                            ,                  ,
  7524 ,חוגים          ,23/05/2024  ,העברה בBIT              ,180            ,                                            ,                  ,
  7524 ,קניות בית      ,23/05/2024  ,מתוק בלב                ,39             ,                                            ,                  ,
  7524 ,ביטוח          ,23/05/2024  ,הראל ביטוח חיים         ,539.08         ,                                            ,                  ,
  7524 ,קניות בית      ,24/05/2024  ,מעדניה שלום             ,39             ,                                            ,                  ,
  7524 ,בזבוזים        ,24/05/2024  ,מנטה מגשימים            ,73.1           ,                                            ,                  ,
  7524 ,קניות בית      ,24/05/2024  ,צמרת-שפע פירות וירקו    ,220            ,                                            ,                  ,
  7524 ,קניות בית      ,24/05/2024  ,בשר איכות               ,302            ,                                            ,                  ,
  7524 ,קניות בית      ,24/05/2024  ,שוק קט כפר סירקין       ,240            ,                                            ,                  ,
  7524 ,בזבוזים        ,24/05/2024  ,WOLT                    ,124            ,                                            ,                  ,
  7524 ,תוכנה וחומרה   ,25/05/2024  ,GITHUB  INC             ,38             ,                                            ,                  ,
  2347 ,רכב ותחבורה    ,26/05/2024  ,מקוה ישראל              ,40             ,                                            ,                  ,
  2347 ,בזבוזים        ,26/05/2024  ,גורגינה                 ,60             ,                                            ,                  ,
  7524 ,חשבונות        ,26/05/2024  ,CELLO                   ,53.8           ,                                            ,                  ,
  7524 ,בזבוזים        ,26/05/2024  ,טאקריה                  ,440            ,                                            ,                  ,
  7524 ,חשבונות        ,26/05/2024  ,פנגו חשבונית חודשית     ,86.15          ,                                            ,                  ,
  7524 ,בזבוזים        ,26/05/2024  ,WOLT                    ,228            ,                                            ,                  ,
  7524 ,חשבונות        ,26/05/2024  ,APPLE COM BILL          ,129.9          ,                                            ,                  ,
  7524 ,חשבונות        ,26/05/2024  ,SPOTIFY                 ,29.9           ,                                            ,                  ,
  2347 ,קניות בית      ,27/05/2024  ,עברית חנות ספרים  20    ,36             ,                                            ,                  ,
  2347 ,קניות בית      ,27/05/2024  ,ניצת הדובדבן כפר סבא    ,318.38         ,                                            ,                  ,
  7524 ,חוגים          ,27/05/2024  ,העברה בBIT              ,180            ,                                            ,                  ,
  7524 ,חשבונות        ,27/05/2024  ,המוסד לביטוח לאומי      ,60             ,                                            ,                  ,
  7524 ,קניות בית      ,27/05/2024  ,שוק קט כפר סירקין       ,122            ,                                            ,                  ,
  7524 ,מתנות ותרומות  ,27/05/2024  ,שקוף - העין השביעית     ,18             ,                                            ,                  ,
667127 ,לא לסכימה      ,27/05/2024  ,ישראכרט                 ,129.90         ,                                            ,                  ,
  2347 ,רכב ותחבורה    ,28/05/2024  ,"אפי נכסים בע""מ"       ,20             ,                                            ,                  ,
  2347 ,בזבוזים        ,28/05/2024  ,פיצה USA                ,85             ,                                            ,                  ,
  2347 ,קניות בית      ,28/05/2024  ,בי דראגסטורס אסותא ר    ,311.47         ,                                            ,                  ,
  2347 ,קניות בית      ,28/05/2024  ,עברית חנות ספרים  20    ,29             ,                                            ,                  ,
  7524 ,קניות בית      ,28/05/2024  ,טבע הגליל - קוסמטיקה    ,77             ,                                            ,                  ,
  7524 ,ביטוח          ,28/05/2024  ,הפניקס ביטוח            ,540            ,                                            ,                  ,
667127 ,לא לסכימה      ,28/05/2024  ,ישראכרט                 ,29.90          ,                                            ,                  ,
667127 ,חשבונות        ,28/05/2024  ,העב' לאחר-נייד          ,"5,499.00"     ,לטובת: פרישקולניק רואי חשבון עבור: דוחות מס ,                  ,
  2347 ,תם             ,29/05/2024  ,העברה בBIT              ,165            ,                                            ,                  ,
  2347 ,קניות בית      ,29/05/2024  ,עברית חנות ספרים  20    ,47.2           ,                                            ,                  ,
  7524 ,בזבוזים        ,29/05/2024  ,פיצה USA                ,75             ,                                            ,                  ,
  7524 ,בזבוזים        ,29/05/2024  ,WOLT                    ,79             ,                                            ,                  ,
  2347 ,קניות בית      ,30/05/2024  ,עברית חנות ספרים  20    ,28             ,                                            ,                  ,
  2347 ,קניות בית      ,30/05/2024  ,שוק קט כפר סירקין       ,81.81          ,                                            ,                  ,
  7524 ,חשבונות        ,30/05/2024  ,מ.א דרום השרון ארנונ    ,1985.8         ,                                            ,                  ,
667127 ,בריאות         ,30/05/2024  ,העב' לאחר-נייד          ,330.00         ,לטובת: צילה אבני                            ,                  ,
  2347 ,חופשות ונסיעות ,31/05/2024  ,AIRBNB   HMJTWA5KEH     ,4297.21        ,                                            ,                  ,
  2347 ,קניות בית      ,31/05/2024  ,עברית חנות ספרים  20    ,28             ,                                            ,                  ,
  2347 ,קניות בית      ,31/05/2024  ,סופר פארם הדר גנים פ    ,102.8          ,                                            ,                  ,
  7524 ,קניות בית      ,31/05/2024  ,בגדדי שאול וארז         ,196.8          ,                                            ,                  ,
  7524 ,קניות בית      ,31/05/2024  ,המעדניה                 ,200            ,                                            ,                  ,
  7524 ,קניות בית      ,31/05/2024  ,משק רועים               ,266.89         ,                                            ,                  ,
667127 ,משיכת מזומן    ,31/05/2024  ,משיכה מבנקט             ,"1,500.00"     ,                                            ,                  ,